00008,r6k/pp2r2p/4Rp1Q/3p4/8/1N1P2R1/PqP2bPP/7K b - - 0 24,f2g3 e6e7 b2b1 b3c1 b1c1 h6c1,1890,75,96,2240,crushing hangingPiece long middlegame,https://lichess.org/787zsVup/black#48,
0000D,5rk1/1p3ppp/pq3b2/8/8/1P1Q1N2/P4PPP/3R2K1 w - - 2 27,d3d6 f8d8 d6d8 f6d8,1556,73,96,13922,advantage endgame short,https://lichess.org/F8M8OS71#53,
0009B,r2qr1k1/b1p2ppp/pp4n1/P1P1p3/4P1n1/B2P2Pb/3NBP1P/RN1QR1K1 b - - 1 16,b6c5 e2g4 h3g4 d1g4,1088,75,85,506,advantage middlegame short,https://lichess.org/4MWQCxQ6/black#32,Kings_Pawn_Game,Kings_Pawn_Game_Leonardis_Variation
000aY,r4rk1/pp3ppp/2n1b3/q1pp2B1/8/P1Q2NP1/1PP1PP1P/2KR3R w - - 0 15,g5e7 a5c3 b2c3 c6e7,1457,75,86,482,advantage master middlegame short,https://lichess.org/iihZGl6t#29,Benoni_Defense,Benoni_Defense_Benoni-Indian_Defense
000hf,r1bqk2r/pp1nbNp1/2p1p2p/8/2BP4/1PN3P1/P3QP1P/3R1RK1 b kq - 0 19,e8f7 e2e6 f7f8 e6f7,1595,77,88,448,mate mateIn2 middlegame short,https://lichess.org/71ygsFeE/black#38,Horwitz_Defense,Horwitz_Defense_Other_variations
000mr,5r1k/5rp1/p7/1b2B2p/1P1P1Pq1/2R1Q3/P3p1P1/2R3K1 w - - 0 41,e3g3 f7f4 e5f4 f8f4,1500,500,100,1,crushing middlegame short,https://lichess.org/8sVpuwso#81,
000rO,3R4/8/K7/pB2b3/1p6/1P2k3/3p4/8 w - - 4 58,a6a5 e5c7 a5b4 c7d8,1039,80,85,55,crushing endgame fork short,https://lichess.org/tzeeBEc2#115,
000tp,4r3/5pk1/1p3np1/3p3p/2qQ4/P4N1P/1P3RP1/7K w - - 6 34,d4b6 f6e4 h1g1 e4f2,2040,75,81,107,crushing endgame short trappedPiece,https://lichess.org/GeXqsW90#67,
00143,r2q1rk1/5ppp/1np5/p1b5/2p1B3/P7/1P3PPP/R1BQ1RK1 b - - 1 17,d8f6 d1h5 h7h6 h5c5,1865,74,90,1589,advantage middlegame short,https://lichess.org/jcuxlI63/black#34,Scotch_Game,Scotch_Game_Mieses_Variation
0018S,2kr3r/pp3p2/4p2p/1N1p2p1/3Q4/1P1P4/2q2PPP/5RK1 b - - 1 20,b7b6 d4a1 a7a5 f1c1,2521,83,90,1314,advantage endgame pin short,https://lichess.org/H1ARO2GL/black#40,
001Wz,4r1k1/5ppp/r1p5/p1n1RP2/8/2P2N1P/2P3P1/3R2K1 b - - 0 21,e8e5 d1d8 e5e8 d8e8,1128,81,87,54,backRankMate endgame mate mateIn2 short,https://lichess.org/84RH3LaP/black#42,
001XA,1qr2rk1/pb2bppp/8/8/2p1N3/P1Bn2P1/2Q2PBP/1R3RK1 b - - 3 23,b8c7 b1b7 c7b7 e4f6 e7f6 g2b7,1796,74,92,620,crushing discoveredAttack long master middlegame sacrifice,https://lichess.org/KZRiN695/black#46,
001gi,r6r/1pNk1ppp/2np4/b3p3/4P1b1/N1Q5/P4PPP/R3KB1R w KQ - 3 18,c7a8 a5c3,1013,168,39,136,bodenMate hangingPiece mate mateIn1 middlegame oneMove,https://lichess.org/1sV2Hr22#35,Sicilian_Defense,Sicilian_Defense_Other_variations
001om,5r1k/pp4pp/5p2/1BbQp1r1/6K1/7P/1PP3P1/3R3R w - - 2 26,g4h4 c5f2 g2g3 f2g3,991,78,89,215,mate mateIn2 middlegame short,https://lichess.org/VWOIWtIh#51,
001u3,2r3k1/p1q2pp1/Q3p2p/b1Np4/2nP1P2/4P1P1/5K1P/2B1N3 b - - 3 33,c7b6 a6c8 g8h7 c8b7,2175,81,55,71,advantage hangingPiece middlegame short,https://lichess.org/BBn6ipaK/black#66,
001w5,1rb2rk1/q5P1/4p2p/3p3p/3P1P2/2P5/2QK3P/3R2R1 b - - 0 29,f8f7 c2h7 g8h7 g7g8q,1444,140,79,20,advancedPawn attraction mate mateIn2 middlegame promotion short,https://lichess.org/0e1vxAEn/black#58,
001wb,r3k2r/pb1p1ppp/1b4q1/1Q2P3/8/2NP1Pn1/PP4PP/R1B2R1K w kq - 1 17,h2g3 g6h5,1487,293,50,13,mate mateIn1 middlegame oneMove,https://lichess.org/hNzYRMWP#33,Ruy_Lopez,Ruy_Lopez_Bird_Variation
001wr,r4rk1/p3ppbp/Pp1q1np1/3PpbB1/2B5/2N5/1PPQ1PPP/3RR1K1 w - - 4 18,f2f3 d6c5 g1h1 c5c4,991,76,96,1127,advantage fork master masterVsMaster middlegame short,https://lichess.org/KnJ2mojX#35,Pirc_Defense,Pirc_Defense_Classical_Variation
001xO,k1r1b3/p1r1nppp/1p1qpn2/2Np4/1P1P4/PQRBPN2/5PPP/2R3K1 w - - 0 19,d3a6 b6c5 a6c8 c5c4,1906,74,93,652,crushing master masterVsMaster middlegame sacrifice short,https://lichess.org/fNCePFgY#37,Slav_Defense,Slav_Defense_Other_variations
001xl,8/4R1k1/p5pp/3B4/5q2/8/5P1P/6K1 b - - 5 40,g7f6 e7f7 f6e5 f7f4,1192,74,96,7530,advantage endgame master masterVsMaster short skewer superGM,https://lichess.org/bEQkfPQD/black#80,
00206,r3kb1r/pppqpn1p/5p2/3p1bpQ/2PP4/4P1B1/PP3PPP/RN2KB1R w KQkq - 1 11,b1c3 f5g4 h5g4 d7g4,1558,74,96,13124,advantage opening short trappedPiece,https://lichess.org/MbJRo6PT#21,Queens_Pawn_Game,Queens_Pawn_Game_Mason_Variation
002Cw,r7/2p2r1k/p2p1q1p/Pp1P4/1P2P3/2PQ4/6R1/R5K1 b - - 2 28,f7g7 e4e5 f6g6 g2g6,1054,75,95,742,crushing discoveredAttack endgame short,https://lichess.org/lxiSa85s/black#56,
002E4,8/8/kpq5/p4pQp/P7/7P/3r2P1/4R2K b - - 10 48,c6a4 g5d2,974,92,18,38,crushing endgame hangingPiece oneMove,https://lichess.org/JwMca3Nw/black#96,
002IE,r3brk1/5pp1/p1nqpn1p/P2pN3/2pP4/2P1PN2/5PPP/RB1QK2R b KQ - 4 16,c6e5 d4e5 d6e7 e5f6,1303,100,47,19,advantage fork middlegame short,https://lichess.org/fDwvVUIp/black#32,Queens_Pawn_Game,Queens_Pawn_Game_Mason_Variation
002KJ,r3kb1r/ppq2ppp/4pn2/2Ppn3/1P4bP/2P2N2/P3BPP1/RNBQ1RK1 b kq - 2 10,f8e7 f3e5 c7e5 e2g4,1492,75,93,589,crushing discoveredAttack middlegame short,https://lichess.org/2NpTzh7O/black#20,Caro-Kann_Defense,Caro-Kann_Defense_Advance_Variation
002LW,3r1rk1/1b1n1pp1/3p4/p4PPQ/4P3/3q1BN1/8/2R2RK1 b - - 1 28,d7e5 f5f6 e5f3 f1f3,2476,88,77,101,advantage middlegame short,https://lichess.org/0khwj5dv/black#56,
002Tf,r3kbnr/ppp1qppp/2n5/3pP3/5B2/4PQ2/PPP2PPP/RN2KB1R w KQkq - 1 7,f1b5 e7b4 b1c3 b4b2,1579,76,85,152,advantage fork opening short,https://lichess.org/Zq56PwHK#13,
002Ua,r4rk1/pp3ppp/3p1q2/P1P1p3/2B5/2B2n2/2P2P1P/R2Q1RK1 w - - 0 16,g1h1 f6f4 d1f3 f4f3,1743,75,96,1974,crushing kingsideAttack middlegame short,https://lichess.org/06i3eMVp#31,Sicilian_Defense,Sicilian_Defense_Lowenthal_Variation
002VP,8/6p1/2B1bn2/6k1/3B4/6K1/4P3/8 b - - 4 44,e6d5 d4f6 g5f5 c6d5,1368,81,69,124,crushing endgame short,https://lichess.org/7yJGEbUK/black#88,
002rd,r6k/q1pb1p1p/1b3Pr1/p1ppP2Q/3P2p1/4B3/PP2NRPP/3R2K1 b - - 1 25,d7e6 e2f4 c5d4 f4g6 f7g6 h5h6,1500,500,100,1,crushing kingsideAttack long middlegame pin,https://lichess.org/NcD6lul8/black#50,
002uV,r2r2k1/1p2qppp/2n1p3/5n2/p2P4/P2Q1N2/BP3PPP/2R1R1K1 w - - 4 20,d3f5 e6f5 e1e7 c6e7,1613,77,82,62,advantage middlegame short,https://lichess.org/WKH5eIti#39,
002xh,2nk4/8/2PBp1n1/1pK1P1p1/1P4P1/8/8/8 b - - 2 42,g6h4 c5b5 h4g2 b5a6 g2e3 a6b7,2074,101,54,24,crushing endgame long,https://lichess.org/TfRvsd3p/black#84,
0039T,1r5r/p3kp2/4p2p/4P3/3R1Pp1/6P1/P1P4P/4K2R w K - 1 25,d4a4 b8b1 e1f2 b1h1 a4a7 e7f8,1254,105,100,46,crushing defensiveMove endgame long rookEndgame skewer,https://lichess.org/BrtVeJlj#49,
003IX,8/3pk3/R7/1R2Pp1p/2PPnKr1/8/8/8 w - - 4 43,f4f5 e4g3,1663,84,83,446,endgame mate mateIn1 oneMove,https://lichess.org/576Btq56#85,
003Jb,6k1/3bqr1p/2rpp1pR/p7/Pp1QP3/1B3P2/1PP3P1/2KR4 w - - 6 22,d4a7 e7g5 c1b1 g5h6,994,77,90,363,advantage fork middlegame short,https://lichess.org/8RvK0idj#43,
003Tx,2r5/pR5p/5p1k/4p3/4r3/B4nPP/PP3P2/1K2R3 w - - 0 27,e1e4 f3d2 b1a1 c8c1,1667,80,85,527,backRankMate endgame fork mate mateIn2 short,https://lichess.org/A7j9VEC0#53,
003YT,r1bqk1nr/1pp2ppp/p1pb4/4p3/3PP3/5N2/PPP2PPP/RNBQ1RK1 b kq - 0 6,d8f6 d4e5 d6e5 c1g5 f6d6 f3e5 d6d1 f1d1,1729,167,-60,13,advantage fork opening veryLong,https://lichess.org/TAffogpQ/black#12,
003eP,8/r1b1q2k/2p3p1/2Pp4/1P2p1n1/2B1P3/NQ6/2K4R b - - 1 36,h7g8 h1h8 g8f7 h8h7 f7e8 h7e7,1089,79,93,1604,crushing exposedKing long middlegame skewer,https://lichess.org/n9vCFmKh/black#72,
003jH,rn3rk1/p5pp/3N4/4np1q/5Q2/1P3K2/PB1P2P1/2R4R w - - 0 25,f3f2 e5d3 f2e3 d3f4 h1h5 f4h5,1146,75,89,270,crushing fork long middlegame,https://lichess.org/3CQGofXT#49,
003jb,r3kb1r/p4ppp/b1p1p3/3q4/3Q4/4BN2/PPP2PPP/R3K2R b KQkq - 0 11,c6c5 d4a4 a6b5 a4b5,1089,77,95,624,crushing fork middlegame short,https://lichess.org/960EzUS0/black#22,French_Defense,French_Defense_Classical_Variation
003jv,1R6/1p2k2p/p2n2p1/4K3/8/6P1/P6P/8 w - - 10 37,b8h8 d6f7 e5e4 f7h8,986,82,89,332,crushing endgame fork short,https://lichess.org/n0UvwK36#73,
003md,r1b1k2N/ppp3pp/2n5/2bp4/7q/1B4n1/PPPP1P1P/RNBQ1RK1 w q - 0 10,f1e1 g3e4 e1e4 d5e4 d1h5 h4h5 b3f7 h5f7,2172,78,83,196,crushing defensiveMove middlegame veryLong,https://lichess.org/ALtR2fxT#19,Russian_Game,Russian_Game_Italian_Variation
003nQ,6rk/pp6/2n5/3ppn1p/3p4/2P2P1q/PP3QNB/R4R1K w - - 2 29,f1g1 f5g3 f2g3 g8g3,1307,91,65,23,crushing kingsideAttack master middlegame pin short,https://lichess.org/p85fiZcl#57,
003o0,r1bqk2r/pp1nbppp/3p4/1B1p4/3P1B2/8/PPP2PPP/R2QK1NR w KQkq - 2 9,g1f3 d8a5 d1d2 a5b5,1073,76,90,626,advantage fork master opening short,https://lichess.org/Ae0t9V1Z#17,
003r5,r2qr1k1/ppp2ppp/4b3/3P4/1nP2Q2/2N2N1P/PP3KP1/R4R2 w - - 1 15,d5e6 b4d3 f2g1 d3f4,1261,75,93,480,crushing fork middlegame short,https://lichess.org/JPN97v7j#29,Kings_Gambit_Accepted,Kings_Gambit_Accepted_Abbazia_Defense
003wQ,2r2rk1/6pp/3Q1q2/8/3N1B2/6P1/PP1K3P/R4b2 w - - 0 24,a1f1 f6d6 f4d6 f8f1,1910,75,92,814,advantage discoveredAttack middlegame pin short,https://lichess.org/W3wvnzlo#47,
0042j,3r2k1/4nppp/pq1p1b2/1p2P3/2r2P2/2P1NR2/PP1Q2BP/3R2K1 b - - 0 24,d6e5 d2d8 b6d8 d1d8,685,81,98,539,backRankMate mate mateIn2 middlegame short,https://lichess.org/DuM2FZjg/black#48,
0045Q,rnbqkb1r/pppp2pp/8/4P3/2B5/4p3/PPPP2PP/R1BQK1NR w KQkq - 0 7,d1f3 d8h4 e1d1 h4c4,1608,77,97,10998,advantage fork opening short,https://lichess.org/fTegzZIT#13,
0048h,4r3/p5k1/2p2R1p/2Pp4/1P1pr1P1/P6P/8/3R3K w - - 1 35,f6c6 e4e1 d1e1 e8e1 h1g2 d4d3,1099,133,86,17,crushing endgame exposedKing long rookEndgame,https://lichess.org/dq15P00L#69,
004Ao,4qk2/1b3rR1/p7/1p2Q3/4P2P/P2P3K/2r5/3R4 w - - 5 41,g7f7 e8f7 e5h8 f8e7,1735,99,86,16,advantage endgame short,https://lichess.org/aFlzjb1K#81,
004BW,r1bk2r1/ppq2pQp/3bpn2/1BpnN3/5P2/1P6/PBPP2PP/RN2K2R w KQ - 3 13,e5f7 d8e7 g7g8 f6g8,1694,74,92,584,advantage middlegame short,https://lichess.org/EXlG6TZs#25,Sicilian_Defense,Sicilian_Defense_Modern_Variations
004LZ,8/7R/5p2/p7/7P/2p5/3k2r1/1K2N3 w - - 3 48,e1g2 c3c2 b1a2 c2c1q h7d7 d2e2,1186,74,91,1749,advancedPawn crushing defensiveMove deflection endgame long promotion,https://lichess.org/drahwNdj#95,
004Op,2kr2r1/1bp4n/1pq1p2p/p1P5/1P3B2/P6P/5RP1/RB2Q1K1 w - - 3 26,e1f1 d8d1 f1d1 g8g2 g1f1 g2g1 f1e2 g1d1,2225,78,91,669,crushing deflection kingsideAttack middlegame pin sacrifice skewer veryLong,https://lichess.org/tneg9Bzk#51,
004RF,5rk1/5ppp/1p6/1qp2P1Q/3p3P/6R1/6PK/8 b - - 0 30,c5c4 g3g7 g8g7 f5f6 g7f6 h5b5,1698,90,89,29,attraction crushing discoveredAttack endgame long sacrifice,https://lichess.org/2UeWcE4h/black#60,
004X6,1r4k1/p4ppp/2Q5/3pq3/8/P6P/2PR1PP1/Rr4K1 w - - 1 26,a1b1 b8b1 d2d1 b1d1,1176,278,83,10,endgame mate mateIn2 short,https://lichess.org/wvPFkjF9#51,
004Ys,r4rk1/3q1pbp/p1n1p1p1/2p3NP/1p3B2/3P3Q/PPP3P1/R3R1K1 b - - 2 19,d7d4 f4e3 d4f6 e1f1 f6e5 h5g6 e5e3 h3e3,2219,85,90,178,advantage defensiveMove middlegame veryLong,https://lichess.org/LcIJdugn/black#38,Sicilian_Defense,Sicilian_Defense_McDonnell_Attack
004d8,8/4kr2/R2p4/1p1Pp1p1/5p2/3K1P2/PPP5/8 b - - 0 39,g5g4 a6a7 e7f6 a7f7 f6f7 f3g4,1520,124,100,21,crushing endgame long rookEndgame,https://lichess.org/FrR3BHbW/black#78,
004iZ,r2r2k1/2q1bpp1/3p1n1p/1ppN4/1P1BP3/P5Q1/4RPPP/R5K1 b - - 1 20,f6d5 g3g7,1005,75,98,569,kingsideAttack mate mateIn1 middlegame oneMove,https://lichess.org/dQ85JUe1/black#40,
004kB,4rr1k/pQpn2pp/3p1q2/8/8/2P5/PP3PPP/RN3RK1 w - - 1 16,b7c7 f6f2 f1f2 e8e1 f2f1 e1f1,1324,158,88,34,kingsideAttack long mate mateIn3 middlegame sacrifice,https://lichess.org/Cl9T6bjt#31,Ruy_Lopez,Ruy_Lopez_Steinitz_Defense
004nd,3q2k1/2r5/pp3p1Q/2b1n3/P3N3/2P5/1P4PP/R6K b - - 0 24,c7d7 e4f6 d8f6 h6f6,886,75,83,202,crushing fork middlegame short,https://lichess.org/IajkZZBp/black#48,
004sY,8/2k3n1/3p2p1/1KpP2Pp/2P4P/7B/8/8 w - - 0 57,b5a6 c7d8 a6b5 g7f5,2191,95,68,28,crushing endgame short,https://lichess.org/sMrTPfXp#113,
004sg,6k1/p3b2p/1p1pP3/2p3P1/1Pnp3B/P6P/3Q3K/8 w - - 0 38,b4c5 c4d2 c5c6 d6d5 g5g6 e7d6,2531,96,90,787,advantage clearance endgame hangingPiece long quietMove,https://lichess.org/pSRIvt7K#75,
004zI,2q3k1/4br1p/6RQ/1p1n2p1/7P/1P4P1/1B2PP2/6K1 b - - 0 27,h7g6 h6h8,1397,82,88,133,endgame mate mateIn1 oneMove,https://lichess.org/HE33gdt4/black#54,
0050w,5rk1/1p2p1rp/p2p4/2pPb2R/2P1P3/1P1BKP1R/8/8 b - - 4 30,g7g3 h3g3 e5g3 h5g5 g8f7 g5g3,952,78,95,1004,crushing endgame fork long,https://lichess.org/QD8pUcTR/black#60,
0055Y,r1b2rk1/p3pp2/2B4b/2Qpq3/3N2pp/4P3/2P2PPP/1R2K2R b K - 1 23,h6e3 f2e3 e5e3 e1d1,1859,76,92,86,advantage defensiveMove middlegame short,https://lichess.org/7Jpwzowt/black#46,
005HF,3r1rk1/1pR3pp/p2bp3/1q2Np2/3P4/1P5Q/5PPP/4R1K1 w - - 2 27,c7g7 g8g7 h3g3 g7h8,1363,81,68,42,crushing defensiveMove hangingPiece middlegame short,https://lichess.org/IqVPsfjB#53,
005N7,r6k/2q3pp/8/2p1n3/R1Qp4/7P/2PB1PP1/6K1 b - - 0 32,e5c4 a4a8 c7b8 a8b8,667,95,93,1034,backRankMate endgame hangingPiece mate mateIn2 short,https://lichess.org/jxZhmGhg/black#64,
005YX,2rr4/2N2pk1/p1Q1b1pp/1p4q1/3pP3/1B1P4/PPP3PP/6RK w - - 7 25,c7e6 f7e6 c6b7 g7h8,1440,309,100,6,defensiveMove equality middlegame short,https://lichess.org/zbi5w5Qy#49,
005f3,r5k1/2p1pp2/pp4p1/1q1r4/5P2/2QP2R1/PP6/1K4R1 b - - 0 32,d5h5 g3g6 f7g6 g1g6 g8f7 c3g7 f7e8 g7g8 e8d7 g8e6 d7d8 g6g8,2006,73,95,6804,crushing endgame sacrifice veryLong,https://lichess.org/Prb24UzR/black#64,
005jJ,r1b1qrk1/pp1n1pbp/2pp1np1/4p3/2PP1B2/2NBPN1P/PP3PP1/R2Q1RK1 w - - 0 10,d4e5 d6e5 f4h2 e5e4,1438,106,78,15,advantage opening short,https://lichess.org/wt6Q2xGb#19,Queens_Pawn_Game,Queens_Pawn_Game_Other_variations
005qG,8/8/1p1k1p1p/3npp2/2B5/PP1K1PP1/7P/8 b - - 0 36,f5f4 c4d5 f4g3 h2g3 d6d5 g3g4,2244,93,64,46,crushing defensiveMove endgame long,https://lichess.org/RMj9gStA/black#72,
005ws,8/8/5pp1/3K3p/3N2kP/8/8/8 w - - 2 62,d5e6 g6g5 h4g5 f6g5 e6d5 h5h4 d5e4 h4h3 d4f3 g4g3,2306,79,87,371,crushing endgame knightEndgame master quietMove veryLong,https://lichess.org/LOwACSXb#123,
005wy,1r6/pp2kpp1/2n1p1n1/3p2PQ/5P2/2PqP3/PP1N4/2KR3R w - - 3 27,h5h7 c6b4 c3b4 b8c8 d2c4 c8c4,1755,131,100,36,long mate mateIn3 middlegame queensideAttack sacrifice,https://lichess.org/mBQMheB4#53,
005xu,8/3k4/1K1P4/2P3r1/R7/5b2/8/8 b - - 0 68,g5g8 a4a7 d7e6 a7e7 e6d5 d6d7,1930,95,81,26,advancedPawn crushing endgame exposedKing long,https://lichess.org/TDu28XvE/black#136,
005yO,r1r3k1/ppq3bQ/4p2p/4n3/3p4/2P5/PBB2PPP/4R1K1 b - - 2 24,g8f8 b2a3 f8f7 c2d1 c8h8 d1h5 f7f6 h7e4,2792,99,87,194,advantage exposedKing middlegame quietMove veryLong,https://lichess.org/j65YI8hC/black#48,
0061g,6k1/pp3pp1/2p1q1Pp/3b4/8/6Q1/PB3Pp1/3RrNK1 b - - 2 27,e1d1 g3b8 e6e8 b8e8,773,90,72,249,endgame mate mateIn2 short,https://lichess.org/dJ3xEKJK/black#54,
0066C,r2q1r1k/2p3p1/pb2Q2p/1p1p1n2/8/1BP5/PP1B1PPP/3RR1K1 w - - 3 20,b3d5 b6f2 g1f2 f5d4 f2g1 d4e6,1747,77,81,130,advantage discoveredAttack kingsideAttack long middlegame sacrifice,https://lichess.org/ZyuTEP3l#39,
0068B,r1q3k1/4bppp/pp2pn2/4B3/8/2N2Q2/PPPR1PPP/6K1 b - - 0 18,f6d7 d2d7 c8d7 f3a8,1486,74,93,5326,crushing deflection middlegame short,https://lichess.org/LNdzAgWP/black#36,Sicilian_Defense,Sicilian_Defense_Katalimov_Variation
006E1,5rk1/R4pp1/1p5p/3Q4/1PPp2q1/3P2P1/5P2/4nK2 w - - 0 34,f1e1 f8e8 e1f1 g4h3 d5g2 e8e1 f1e1 h3g2,1656,74,97,4771,crushing deflection endgame veryLong,https://lichess.org/KaLKLKD5#67,
006HV,1r6/5k2/2p1pNp1/p5Pp/1pQ1P2P/2P4R/KP3P2/3q4 w - - 4 31,c4c6 b4b3 a2a3 d1a1,1161,78,91,854,endgame mate mateIn2 short,https://lichess.org/ibb2c72C#61,
006NL,1r6/k2qn1b1/p1b1p1p1/2PpPpN1/2nN1P1P/p4B2/1PP2Q2/1K1R3R w - - 0 32,d4c6 e7c6 b2b3 a3a2 b1a1 c4e5 f4e5 g7e5 a1a2 b8b5,2279,114,85,63,advancedPawn advantage middlegame pin veryLong,https://lichess.org/yA3M5Q6W#63,
006RM,1k1r3r/2q5/pp1n2p1/8/1Q6/3R2P1/PPP2P1P/3R2K1 b - - 4 29,c7c5 b4c5 b6c5 d3d6 d8d6 d1d6,1556,75,91,656,crushing long middlegame,https://lichess.org/ceS0QvtT/black#58,
006XF,r5kr/pp1qb1p1/2p4p/3pPb1Q/3P4/2P1B3/PP4PP/R4RK1 b - - 1 17,f5e4 h5f7 g8h7 f1f6 e7f6 f7d7,2368,84,90,1507,advantage long middlegame pin,https://lichess.org/Ynra1LLE/black#34,Russian_Game,Russian_Game_Italian_Variation
006eO,8/8/2p2k2/1p1p4/3P4/1PP1pK2/8/8 b - - 3 64,f6f5 b3b4,2164,118,100,42,defensiveMove endgame equality oneMove pawnEndgame,https://lichess.org/2cHqPgSG/black#128,
006of,r2qr2k/1pp2pp1/1b4np/pP2P3/P4n2/BQN2N1P/5PP1/R3R1K1 w - - 3 20,b3f7 d8d3 c3e2 f4e2 e1e2 d3e2,2367,84,89,377,advantage kingsideAttack long middlegame,https://lichess.org/MIdWd89x#39,
006om,1r3k2/5p1p/2p1pp2/P2n4/2r1N3/P4PK1/2R2P1P/2R5 b - - 9 29,c4a4 e4c5 a4a5 c5d7 f8g7 d7b8,1905,75,98,1338,crushing endgame fork long master,https://lichess.org/BMIgw1OR/black#58,
006wz,2r5/4ppkp/5bp1/1p6/1P6/P3B3/2r2PPP/1R1R2K1 b - - 2 22,f6b2 b1b2 c2b2 e3d4 f7f6 d4b2,1315,75,93,312,attraction crushing endgame fork long sacrifice,https://lichess.org/qT0W6o27/black#44,
006x0,3Q4/5kr1/8/1P2pB2/2Pp1n2/q2P3P/7K/5R2 w - - 7 49,d8d7 f7f6 d7d8 f6f5,1382,208,100,11,defensiveMove endgame equality short,https://lichess.org/yJzYpNj0#97,
006yP,6R1/8/Kpk1p3/1p1pP3/6P1/PPP1r3/8/8 b - - 3 40,e3c3 g8c8 c6d7 c8c3,806,81,80,130,crushing endgame master rookEndgame short skewer,https://lichess.org/vf9MOLH1/black#80,
0070J,r4rk1/ppq2ppp/2nbp1b1/3p4/3Pn3/2PB1N1P/PP3PP1/R1BQRNK1 b - - 4 14,e4f2 g1f2 g6d3 d1d3,984,90,61,76,advantage hangingPiece middlegame short,https://lichess.org/SHqFVu02/black#28,Caro-Kann_Defense,Caro-Kann_Defense_Exchange_Variation
0072T,3q1nk1/1bN2rpp/pp1P4/1N6/4n2b/8/PPP2PPP/R1BQ1RK1 w - - 1 16,b5d4 h4f2 f1f2 e4f2,1685,86,88,49,advantage kingsideAttack master middlegame short,https://lichess.org/aqhibPRF#31,Philidor_Defense,Philidor_Defense_Lion_Variation
00761,3r2k1/1b3pbR/p2P2P1/3p2N1/2p5/2P2N2/PP6/2K5 b - - 0 28,f7g6 h7g7 g8g7 g5e6 g7g8 e6d8,1466,75,96,8599,attraction crushing endgame exposedKing fork long sacrifice,https://lichess.org/vu70Maig/black#56,
0078T,rk5r/1b3R2/pp2p2q/4P2p/B2p3B/4R2P/PP4P1/5Q1K b - - 0 27,d4e3 f7b7 b8b7 f1f7 b7b8 h4e7,2286,80,80,77,attraction crushing defensiveMove exposedKing long middlegame queensideAttack sacrifice,https://lichess.org/mXf4gFYU/black#54,
007AS,r3kb1r/3nnpp1/4p1bp/1NppP3/3P4/6N1/P2BBPPP/R3K2R b KQkq - 0 17,a8b8 b5d6 e8d8 d2a5,1588,87,78,25,crushing master middlegame short,https://lichess.org/Nfuw1Dug/black#34,Caro-Kann_Defense,Caro-Kann_Defense_Advance_Variation
007Rn,4r1k1/p4p1p/1p6/6q1/3P2n1/P4Q2/1P1B2P1/7K w - - 0 34,d2g5 e8e1 f3f1 e1f1,994,81,75,71,endgame mate mateIn2 short,https://lichess.org/L9kH7FqT#67,
007XE,2kr3r/p1p1bpp1/2p2n1p/8/8/1P6/P1P1RPPP/RNB3K1 w - - 1 16,e2e7 d8d1 e7e1 d1e1,895,137,69,15,backRankMate fork mate mateIn2 middlegame short,https://lichess.org/f4f7UwiT#31,Kings_Pawn_Game,Kings_Pawn_Game_Leonardis_Variation
007eS,6k1/p4p2/1p5p/4r3/P3B3/1P3P2/2PK2PP/8 w - - 0 29,d2e3 f7f5 g2g4 f5e4,1169,74,100,4271,advantage endgame short,https://lichess.org/8qs8bafy#57,
007gO,2r3rk/5p2/4p2p/4q3/1Q6/8/1P3PPP/R4RK1 w - - 0 31,a1c1 e5g5 g2g3 c8c1,2163,87,74,42,crushing endgame short,https://lichess.org/id1brvZc#61,
007ku,r1bq3Q/1np2kp1/p5B1/1p1Pp3/1Pn2BP1/2b2P2/P3K3/R4N2 b - - 5 35,f7g6 h8h5 g6f6 f4g5,1695,77,94,763,mate mateIn2 middlegame short,https://lichess.org/QveLbBjG/black#70,
0088O,7Q/2p5/1p2prp1/p4k1p/P4p1P/8/6RK/3q4 b - - 2 37,d1a4 g2g5 f5e4 h8f6,1121,76,100,89,crushing deflection endgame short,https://lichess.org/GmH1DPx6/black#74,
008D5,r1bqk2r/pp3ppp/4p2n/3pP3/1b1P1P2/2N5/PP4PP/R1BQKB1R b KQkq - 2 9,h6f5 d1a4 c8d7 a4b4,1234,74,82,1136,advantage fork master opening short,https://lichess.org/jIGC2FuP/black#18,
008GK,1k1r4/ppp3p1/8/1P5p/8/P3n2P/2P1r1P1/B3NRK1 b - - 4 31,d8d1 f1f8 d1d8 f8d8,656,79,97,786,backRankMate endgame mate mateIn2 short,https://lichess.org/9vFFDYsH/black#62,
008LT,r4rk1/6p1/b3p1nN/p1pp4/1p3P1q/3P1Q1B/PPP2PK1/R6R b - - 0 26,g8h8 h6f7 f8f7 h3e6,1631,332,100,3,crushing kingsideAttack middlegame pin sacrifice short,https://lichess.org/vnxisKeU/black#52,
008Nz,6k1/2p2ppp/pnp5/B7/2P3PP/1P1bPPR1/r6r/3R2K1 b - - 1 29,d3e2 d1d8,669,104,89,350,backRankMate mate mateIn1 middlegame oneMove,https://lichess.org/HNU4zavC/black#58,
008P4,8/4k3/1p1p4/rP2p1p1/P2nP1P1/3BK3/8/R7 w - - 0 35,e3d2 d4b3 d2c3 b3a1,760,78,98,982,crushing endgame fork short,https://lichess.org/3GoHPRp3#69,
008Sk,8/6pp/3Bp2k/p2pP2P/P2bp1PK/8/r7/5R2 b - - 2 37,d4f2 f1f2 g7g5 h4g3 a2f2 g3f2,1869,78,93,7324,crushing endgame long,https://lichess.org/rah6MiKa/black#74,
008lc,7k/pb1qn2n/1p2R2Q/2p2p2/2Pp4/3B4/PP3PrP/4RK2 b - - 1 27,g2g7 h6g7 h8g7 e6e7 d7e7 e1e7,1918,75,92,879,attraction crushing exposedKing fork long middlegame,https://lichess.org/UdZXrVA5/black#54,
008nF,2rq1rk1/7p/1n4pb/1R2p3/pPpP1P2/P1B5/3NQ1PP/2R3K1 w - - 0 31,e2e5 f8e8 e5e8 d8e8,2235,77,90,432,crushing master middlegame short trappedPiece,https://lichess.org/tYO5rrIU#61,
008o6,Q5k1/p1p3p1/5rP1/8/3P4/7P/q3r3/B4RK1 b - - 1 34,f6f8 a8f8,1325,370,100,6,endgame mate mateIn1 oneMove,https://lichess.org/1k4lXfEi/black#68,
008oX,4r1k1/2R3pp/2p4q/1p1p4/3P4/P7/1PP2R2/1K1N4 b - - 3 32,e8e1 c7c8 e1e8 c8e8,974,75,68,216,endgame mate mateIn2 short,https://lichess.org/APGKH8YH/black#64,
008tL,8/7k/pR5p/3p4/5r2/2P1p2P/P5P1/6K1 w - - 0 40,b6a6 e3e2 a6e6 f4f1,1044,76,96,1695,advancedPawn crushing endgame master rookEndgame short,https://lichess.org/yhNupFCi#79,
0092V,r2qk1nr/ppp3pp/2n5/1B1pp3/1b1P4/5Q1P/PP1B1PP1/RN2K2R b KQkq - 3 11,e5e4 b5c6 b7c6 f3h5 g7g6 h5e5,2060,91,83,26,crushing exposedKing long opening,https://lichess.org/bW5LiCa5/black#22,Ponziani_Opening,Ponziani_Opening_Other_variations
0092z,2r3k1/2qR1ppp/p7/2p2Q2/P7/7P/5PP1/6K1 b - - 3 26,c7c6 f5f7 g8h8 f7g7,1070,80,94,368,endgame mate mateIn2 short,https://lichess.org/fjaha7q0/black#52,
009De,r1q4r/2p1kP2/3p4/2pPp3/p1P1Pb2/P1NB3b/1P3KP1/R2Q1R2 w - - 1 23,g2h3 c8h3 d1f3 h3h2 f3g2 f4e3 f2f3 h8h3 g2h3 h2h3,2016,83,79,45,advantage exposedKing middlegame veryLong,https://lichess.org/PsMgMg87#45,
009FS,r2qr1k1/p5bp/1pp1b1p1/8/2QN1p2/2P1n2P/PP3PP1/R1B1RNK1 w - - 1 18,d4e6 e3c4 e6d8 e8e1,1734,76,75,121,crushing discoveredAttack opening short,https://lichess.org/MOdm5bE7#35,Sicilian_Defense,Sicilian_Defense_Closed
009IO,3rk3/5p1r/p2Np1p1/3bP3/P2n4/8/1P3RPP/5RK1 b - - 4 25,e8e7 f2f7 h7f7 f1f7,1174,80,87,528,hookMate mate mateIn2 middlegame short,https://lichess.org/LJBrm9Or/black#50,
009L0,6k1/pb2r1pN/1n4Bp/3p4/1P2pR2/P7/3R1PPP/2r3K1 w - - 2 30,d2d1 c1d1,706,146,18,18,backRankMate hangingPiece mate mateIn1 middlegame oneMove,https://lichess.org/SAhQtou2#59,
009Os,r2b2k1/1p3q1p/p2p4/3P2p1/2P1PRQr/8/P2B3P/2R4K w - - 1 29,g4g3 h4f4 d2f4 f7f4 g3f4 g5f4,1447,93,76,34,crushing long middlegame,https://lichess.org/AdjEnXlm#57,
009Wc,1r3rk1/1pq2pbp/p1p1pnp1/2N1N3/3P4/1QP5/PP3PPP/3RR1K1 w - - 2 19,e5d7 f6d7 c5d7 c7d7,996,78,95,1210,crushing middlegame short,https://lichess.org/WnthPrdl#37,Caro-Kann_Defense,Caro-Kann_Defense_Classical_Variation
009XT,rn1qk2r/pp3ppp/3bp1b1/3p4/3Pn2N/3BB3/PPP2PPP/RN1Q1RK1 w kq - 4 10,h4g6 d6h2 g1h1 h7g6,1978,72,94,7413,crushing intermezzo opening short,https://lichess.org/bf23N8Ng#19,Caro-Kann_Defense,Caro-Kann_Defense_Exchange_Variation
009f8,8/1p4p1/pb2ppkp/3n4/3P4/P3BN1P/1P2KPP1/8 b - - 0 26,g6f5 f3h4 f5e4 f2f3,1183,77,87,84,endgame mate mateIn2 short,https://lichess.org/paDYagZM/black#52,
009lk,1R6/6pk/2p4p/3bP2r/5B1P/2P2qP1/P4P1Q/4R1K1 w - - 2 40,e1e3 f3d1 e3e1 d1e1,1186,151,100,37,mate mateIn2 middlegame short,https://lichess.org/gLNPef4f#79,
009tE,6k1/6pp/p1N2p2/1pP2bP1/5P2/8/PPP5/3K4 b - - 1 28,f6g5 c6e7 g8f7 e7f5,618,101,90,393,crushing endgame fork short,https://lichess.org/fUV1iXBx/black#56,
009zR,3r4/p1p2ppp/4k3/6Q1/5P2/4P3/Prqn2PP/3R1RK1 w - - 3 22,g5d8 d2f3 g1h1 c2g2,1591,79,79,164,discoveredAttack endgame mate mateIn2 short,https://lichess.org/SctCD3fJ#43,
00A1H,2r3k1/4brp1/2p3b1/2Pp1q1p/3B3P/2P2N2/PP3P1K/R2Q2R1 w - - 1 31,f3g5 f5f4 h2g2 e7g5,2039,85,79,199,crushing middlegame short,https://lichess.org/GeoPB5fa#61,
00A5v,4r1k1/pp1qr1p1/7p/2pPR3/2P2p2/1PQ2P2/P5PP/4R1K1 w - - 3 33,c3d2 e7e5 e1e5 e8e5,697,83,90,539,crushing endgame short,https://lichess.org/1WXk6Mn2#65,
00AB1,8/7Q/3p1kp1/1p6/2b5/2P4P/5PPK/4q3 b - - 8 36,e1c3 h7h8 f6e6 h8c3,1148,75,95,6705,crushing endgame short skewer,https://lichess.org/KQDr21Ph/black#72,
00AHY,r6k/3NR1p1/4n2p/5b2/p6P/6R1/8/6K1 w - - 2 43,h4h5 a4a3 g3a3 a8a3 e7e8 h8h7,1375,75,90,1413,advantage endgame long,https://lichess.org/SFxNjHBp#85,
00AVR,br1qkb1r/p1pp1ppp/4Pn2/6B1/3Qn3/5NP1/P3PPBP/RN1R2K1 b k - 0 15,d7e6 d4a4 d8d7 d1d7,1912,78,71,39,crushing opening short,https://lichess.org/KxeQFmHl/black#30,Zukertort_Opening,Zukertort_Opening_Black_Mustang_Defense
00Aae,1R6/1P6/4pkp1/5p2/3P3p/3KP3/8/1r6 b - - 0 43,h4h3 b8f8 f6e7 b7b8q b1b8 f8b8,1019,78,87,333,advancedPawn clearance crushing endgame long promotion rookEndgame,https://lichess.org/mLIjph1r/black#86,
00Aas,3r1rk1/1p2q1pp/5p2/8/1P1n4/6Q1/PPbB1PPP/R2B1RK1 w - - 9 20,d1c2 d4e2 g1h1 e2g3 f2g3 d8d2,1435,76,99,1351,crushing fork long middlegame,https://lichess.org/wYjuq3zz#39,
00Af3,8/8/2B2p1p/P4Pp1/3p1kP1/1b1Pb2P/8/4K3 b - - 0 50,f4g3 a5a6 b3c4 a6a7,1170,75,95,2677,advancedPawn bishopEndgame crushing endgame short,https://lichess.org/JBQDYKyD/black#100,
00Ahb,1k4nr/pp1r1ppp/4p3/1Nb2q2/2Pp4/6P1/PP3P1P/R1BQR1K1 b - - 2 14,g8h6 c1f4 f5f4 g3f4,1206,78,90,132,crushing middlegame short,https://lichess.org/Cyj8Qkox/black#28,Sicilian_Defense,Sicilian_Defense_Franco-Sicilian_Variation
00Al5,2r3k1/p2q1pbp/1p2pnp1/nB1p4/3P4/1Pr1P2P/P1QB1PP1/2R2RK1 w - - 0 19,b5d7 c3c2 d7c8 c2d2,1736,75,93,1066,advantage middlegame short,https://lichess.org/EtyflSie#37,Slav_Defense,Slav_Defense_Schlechter_Variation
00AoZ,8/1R6/p1pk4/6bp/1QP5/P7/KP6/3r2q1 b - - 2 44,g1c5 b7d7 d6d7 b4c5,1041,75,95,2749,advantage deflection endgame short,https://lichess.org/356BAYqk/black#88,
00AuR,8/4bkp1/R6P/4p3/Pp2P3/1P1rB3/6P1/6K1 b - - 0 33,d3e3 h6h7 e3e1 g1h2,1662,84,83,30,advancedPawn crushing endgame short,https://lichess.org/NQjprK7P/black#66,
00B3B,2K5/3P4/5b2/p1B5/P7/3k4/6p1/8 w - - 7 77,d7d8q f6d8 c8d8 d3c4,1453,75,93,901,crushing endgame short,https://lichess.org/b7iJvp5Z#153,
00B5A,r2qk2r/ppp2ppp/2n1b3/1B1N4/3b4/3P3P/P1P1QPP1/1R2K1NR w Kkq - 4 13,g1f3 d8d5 f3d4 d5d4 b5c6 b7c6,1486,75,95,12768,advantage hangingPiece long middlegame,https://lichess.org/JCYgLgB2#25,Nimzowitsch_Defense,Nimzowitsch_Defense_Other_variations
00B7G,1rb2r1k/4q2p/p2p4/3B1p2/1pPb4/1P2NQ2/P5PP/2R2RK1 w - - 1 24,g1h1 e7e3 f3e3 d4e3,1714,74,86,139,crushing middlegame short,https://lichess.org/jBgjHSYd#47,
00BKa,5rk1/p1Rb1ppp/2n1pn2/8/8/2P3P1/q4PBP/1rNQK2R b K - 2 16,f8c8 c7c8 d7c8 c1a2 b1d1 e1d1,2479,83,88,415,advantage long middlegame,https://lichess.org/0bBHtpd4/black#32,French_Defense,French_Defense_Winawer_Variation
00BM8,r4rk1/pp2bppp/2ppnn2/8/N1P1P3/q1P4P/P2N2PB/R2Q1R1K b - - 0 16,a8d8 d2b1 a3a4 d1a4,1553,75,93,6014,advantage master middlegame short trappedPiece,https://lichess.org/IBbaWSo7/black#32,Caro-Kann_Defense,Caro-Kann_Defense_Other_variations
00BSo,2r3k1/4R1pp/p1p2p2/2p5/2P5/1PbN3P/P4PP1/6K1 w - - 0 25,d3c5 c3b4 e7a7 b4c5,1271,74,91,517,advantage endgame short,https://lichess.org/SjQSgSG9#49,
00Bex,1rb1qrk1/6bp/2np4/2pNpp2/2P5/3P1B2/1B3PPP/1R1QR1K1 b - - 0 22,c8e6 d5c7 e8f7 c7e6,1657,121,33,17,crushing middlegame short,https://lichess.org/qNuFxL0D/black#44,
00Bg4,3r2k1/1q3ppp/p2rp3/Qp1B4/7P/P4P2/1PP3P1/1K1R3R b - - 0 21,d6d5 a5d8 d5d8 d1d8,1380,86,79,290,backRankMate endgame mate mateIn2 short xRayAttack,https://lichess.org/6qWf8wOP/black#42,
00Bm8,8/6kp/4b1q1/1p6/1PpPp2Q/2P1P3/r2N2P1/5RK1 w - - 7 34,d2e4 g6g2,1127,76,86,322,endgame master mate mateIn1 oneMove,https://lichess.org/ynNNLRgG#67,
00Bn4,1k6/pp6/4nNp1/P6p/3pr3/7P/3R1PPK/8 b - - 0 40,e4e5 f6d7 b8c7 d7e5,672,94,94,313,crushing endgame fork short,https://lichess.org/jvMUtZF5/black#80,
00Bp0,1r2kr2/pp3p1p/2b1pn2/4N3/2P5/1N1B4/P3KP1P/6R1 b - - 4 21,f6e4 e5c6 b7c6 d3e4,1283,75,94,7181,advantage capturingDefender middlegame short,https://lichess.org/GN8F9TsL/black#42,
00BrZ,r6r/pp2kb2/3p1p1Q/1N1Pp3/3bP3/P2B2P1/1P4PP/7K w - - 6 28,h6d2 h8h2 h1h2 a8h8 d2h6 h8h6,1488,78,77,423,attraction kingsideAttack long mate mateIn3 middlegame sacrifice,https://lichess.org/ANKrgoJi#55,
00C7m,8/5k2/1P4R1/6PK/1r6/8/8/8 w - - 1 58,h5h6 b4h4,926,151,100,36,endgame mate mateIn1 oneMove rookEndgame,https://lichess.org/ZbuTrTYp#115,
00C8e,8/5p1k/5Ppb/2p3P1/1p6/8/KB5Q/3q4 b - - 4 58,d1a4 a2b1 a4d1 b2c1,1394,269,100,3,endgame equality pin short,https://lichess.org/YqVcRoWF/black#116,
00CMj,7R/8/8/6p1/2p1p1k1/2PbK2p/P7/8 w - - 4 71,e3f2 e4e3 f2e3 g4g3,1767,76,97,9688,crushing defensiveMove endgame master short,https://lichess.org/JJZ8AIxT#141,
00CXr,r2k2nr/pp2qBb1/3p3p/Q5p1/3n1B2/2N2R2/PPP3P1/R5K1 b - - 1 18,b7b6 a5d5 d4f3 g2f3 a8c8 f4d6,2141,75,91,1114,advantage long middlegame sacrifice,https://lichess.org/sr8OoFsx/black#36,Kings_Gambit_Accepted,Kings_Gambit_Accepted_Fischer_Defense
00CcK,8/8/3p4/4kp2/1pP3pP/1RbK2P1/8/8 w - - 2 42,b3c3 b4c3 d3c3 f5f4 c3d3 f4g3,1509,196,56,5,crushing endgame long,https://lichess.org/y0n2EkgP#83,
00CiZ,5r1k/6b1/3p3p/1P1q2pQ/r5P1/3p1N1P/3R2P1/4R2K w - - 2 34,e1d1 f8f3 g2f3 d5f3,1366,77,85,131,crushing middlegame short,https://lichess.org/PJQUqCX1#67,
00Cs4,2r1q1k1/8/b2b1r1p/Pp1pNpp1/3Pn3/1RPQ3P/P1B1NPP1/4R1K1 w - - 3 28,a2a4 b5a4 d3a6 a4b3,1368,88,85,62,advantage middlegame short,https://lichess.org/fswqBBFw#55,
00CtS,Q5k1/5q2/p2p4/b1p1pr2/P7/6P1/4KP1R/8 b - - 3 38,g8g7 a8h8 g7g6 h8h6,1124,75,99,1177,endgame mate mateIn2 short,https://lichess.org/yKolw9vl/black#76,
00D12,8/6pp/8/3kP3/1p1P2P1/rPpK3P/4R3/8 b - - 1 39,a3b3 e5e6 c3c2 d3c2 b3c3 c2d2,2555,77,91,964,crushing endgame long rookEndgame,https://lichess.org/iC0vC5to/black#78,
00D77,5rk1/bpp3pp/p1npb3/4p3/1P2Nr1q/P1PP3P/1B1QBPR1/2K3R1 b - - 2 21,h4h3 g2g7 g8h8 e4g5,1932,75,91,1131,crushing kingsideAttack middlegame short,https://lichess.org/PgppfwbE/black#42,
00D7x,rnq2r2/pp3pbk/3p1n2/2pPpPQ1/2P1P3/2N2NP1/PP4KP/R4R2 b - - 2 18,f8g8 g5h4 g7h6 h4f6,1665,75,95,8094,crushing deflection middlegame short,https://lichess.org/RKX1Co2s/black#36,Benoni_Defense,Benoni_Defense_Old_Benoni
00DEc,8/p5pk/1p3b1p/3r3P/6P1/3nBN2/P4PK1/4R3 w - - 3 30,e1d1 d3f4 e3f4 d5d1,1092,76,87,163,crushing discoveredAttack endgame short,https://lichess.org/T0mRW37D#59,
00DPQ,2k4r/pp3pp1/4pn2/2np2p1/8/1B1P1Pq1/PPPN1R2/R2Q3K w - - 6 20,f2h2 g3h2,761,97,84,95,kingsideAttack mate mateIn1 middlegame oneMove,https://lichess.org/AKiNfVd0#39,
00DTg,r2qk2r/1pp2ppp/p1pb1n2/4P3/3Q4/2N2b2/PPP2PPP/R1B2RK1 w kq - 0 10,e5f6 d6h2 g1h2 d8d4,1128,75,94,1453,crushing discoveredAttack kingsideAttack middlegame short,https://lichess.org/EqbT8Dsc#19,Ruy_Lopez,Ruy_Lopez_Exchange_Variation
00DZe,8/5k2/7p/p1P1bPpP/Pp2P3/1P1pBK2/8/8 w - - 1 47,e3f2 g5g4 f3e3 e5d4 e3d3 d4f2,2395,75,94,1399,bishopEndgame crushing deflection endgame long master skewer,https://lichess.org/MVHl8Zy9#93,
00DdW,5rk1/4bppp/4b3/1p1pPpPP/2pP4/2P5/rqNQKP2/2RRN3 b - - 5 23,e7a3 c1b1 b2b3 b1b3,1674,75,85,763,advantage middlegame short trappedPiece,https://lichess.org/bT7kcwFH/black#46,
00DkJ,3r1bnr/2p2ppp/2b5/R1k5/5P2/2N5/4N1PP/1R4K1 b - - 3 21,c5d6 b1d1 d6e7 a5e5 e7f6 d1d8,1759,168,100,16,crushing deflection exposedKing long middlegame,https://lichess.org/JJiGlqDg/black#42,
00Dt6,5rk1/p4p1p/4p1p1/5nq1/8/5QPP/5PK1/2RR4 w - - 6 35,c1b1 f5h4 g2f1 h4f3,1174,79,67,44,crushing endgame pin short,https://lichess.org/TTZUVvIZ#69,
00Dw8,8/2p1N1p1/3r3p/6k1/3p4/6P1/6KP/3R4 w - - 0 42,h2h4 g5f6,1630,188,100,6,defensiveMove endgame equality oneMove,https://lichess.org/dlF3OKdi#83,
00E4Z,1r4k1/p4p1p/6p1/3rb3/K7/2PpB3/1P1R1PPP/7R w - - 1 25,h1d1 d5d6 b2b4 e5c3 e3c5 d6a6,2302,81,84,158,advantage endgame long master masterVsMaster quietMove,https://lichess.org/YRE2uOtG#49,
00EBZ,3rr1k1/p4pp1/1pp4p/3pPQ2/1P3P2/2P3qP/P2R2P1/5RK1 w - - 1 24,f1f3 g3e1 g1h2 e1d2,899,79,95,1273,crushing endgame fork short,https://lichess.org/FrMf0UcF#47,
00EDN,rnbq1rk1/p4ppp/1p2p3/2p5/2QPn3/2P1PN2/P3BPPP/R1B2RK1 w - - 0 11,c1a3 c8a6 c4a6 b8a6,1734,90,72,25,advantage middlegame short,https://lichess.org/clViyZ2d#21,Nimzo-Indian_Defense,Nimzo-Indian_Defense_Normal_Variation
00EEp,3k2q1/pb1p3p/1p1P4/2p5/2P2Q1K/8/P7/5R2 b - - 2 36,b7g2 f4f8 g8f8 f1f8,1593,83,83,53,endgame mate mateIn2 short,https://lichess.org/dWHeDlRz/black#72,
00EJb,6k1/5pp1/2R1p2p/8/P1B5/1P4P1/1q3Q1P/3r2K1 w - - 1 35,g1g2 d1d2 c6c8 g8h7 c4d3 f7f5 c8c2 d2f2,2336,83,88,354,advantage endgame pin veryLong,https://lichess.org/ki9WEgCM#69,
00EUu,8/5P1P/1p4K1/8/6P1/8/2p5/k6r b - - 0 62,h1h6 g6h6 c2c1q g4g5 c1c6 h6g7,2512,79,93,1325,crushing defensiveMove endgame long,https://lichess.org/u5HjwjcV/black#124,
00Ea3,3r4/p5k1/1p1qprnp/1Q1pN1p1/3P1pP1/1PP5/P5PP/4RRK1 b - - 3 29,g6e5 d4e5 d6c5 b5c5 b6c5 e5f6,1329,277,100,10,crushing fork long middlegame,https://lichess.org/6TJRc5H1/black#58,
00EbJ,r2q1rk1/ppp2ppp/2nbb3/8/6n1/2NPBN2/PPP1BPPP/R2QK2R w KQ - 5 9,f3g5 g4e3 f2e3 d8g5,1216,93,53,70,capturingDefender crushing opening short,https://lichess.org/wlZv7BWx#17,
00Ec4,2rq1r1k/p5pp/8/1p1BpPb1/2Pp2Q1/P2P2R1/6PP/R5K1 b - - 3 25,c8c7 g4g5 d8g5 g3g5,829,95,85,341,crushing middlegame short,https://lichess.org/HUFGdjKK/black#50,
00EoE,r1b1k3/ppr4p/5p2/5p2/8/2P3P1/P4PP1/4RK1R b q - 1 23,e8f7 h1h7 f7g6 h7c7,957,79,73,53,crushing endgame short skewer,https://lichess.org/25vOJGCF/black#46,
00Er4,r3k2r/p1bN2pp/2p1pp2/3p3b/3P1q2/2N4P/PPPQ1PP1/R3R1K1 w kq - 0 16,e1e6 e8d7 d2f4 c7f4,1304,75,74,136,crushing hangingPiece middlegame short,https://lichess.org/xukRQ21f#31,Caro-Kann_Defense,Caro-Kann_Defense_Other_variations
00Evs,5qk1/pQ3pp1/7p/b2N1b2/P3r3/5K2/7P/R4B2 b - - 1 24,g7g5 d5f6 g8h8 f6e4,885,75,100,260,advantage fork middlegame short,https://lichess.org/ZuufvD5S/black#48,
00Ezc,rnb1k2r/ppp4p/3b1qp1/3P1pBQ/4p2N/2N5/PPP2PPP/R3R1K1 b kq - 1 13,f6f7 c3e4 f5e4 e1e4,2101,75,90,930,crushing middlegame short,https://lichess.org/DlEjvVuJ/black#26,Russian_Game,Russian_Game_Italian_Variation
00F2o,6k1/4qpp1/3p3p/8/2BP4/1Pn5/2Qn1PPP/6K1 w - - 0 29,c2c3 e7e1 c4f1 e1f1,1077,233,100,12,endgame mate mateIn2 short,https://lichess.org/Xik1cEk4#57,
00F5G,2rqrbk1/pp3ppp/4n3/3p1N2/3NnBQ1/2P4P/PP3PP1/R4RK1 b - - 14 22,e6f4 f5h6 g8h8 h6f7,1515,93,67,38,crushing deflection kingsideAttack middlegame pin short,https://lichess.org/HLNR4ZJ8/black#44,
00FF5,r3k3/ppp1qp2/1b1p3p/4p2r/2B1P1b1/P1PP1P2/1P4PQ/RN3R1K b q - 2 18,e7h4 c4f7 e8e7 f7h5,1959,75,96,559,attackingF2F7 crushing middlegame short,https://lichess.org/YBDgjNpz/black#36,Italian_Game,Italian_Game_Giuoco_Pianissimo
00FHO,8/1pp5/p2p3p/3P1Pk1/P3K1P1/1P5R/8/2r5 w - - 1 39,e4f3 c1c3 f3g2 c3h3 g2h3 h6h5 g4h5 g5h5,2014,394,100,2,crushing endgame rookEndgame veryLong,https://lichess.org/0KBMAMQh#77,
00FHX,2r3k1/5p1p/4pP2/3p3P/8/5P2/p1b3P1/2R3K1 b - - 0 30,c2b1 c1c8,651,91,100,135,endgame hangingPiece mate mateIn1 oneMove,https://lichess.org/rztVgThB/black#60,
00FON,1k6/8/8/6p1/1pp5/p4PP1/N1P4P/7K w - - 0 38,h2h4 b4b3 c2b3 c4b3,1010,75,96,588,crushing endgame knightEndgame short,https://lichess.org/D9f2JIE8#75,
00FPo,7R/1K3p2/6k1/PP4p1/8/6rp/8/8 b - - 2 47,g5g4 a5a6 h3h2 h8h2,1852,77,93,3462,crushing endgame rookEndgame short,https://lichess.org/6C03NLdu/black#94,
00Fyu,r7/p1qbppbk/2p3p1/2pp4/4PP2/1P1P1N2/P1P3PP/3Q1RK1 b - - 2 16,d7g4 f3g5 h7g8 d1g4,977,245,-100,3,advantage discoveredAttack middlegame short,https://lichess.org/kjeZtnnv/black#32,Bird_Opening,Bird_Opening_Dutch_Variation
00GAf,r5k1/5pp1/1p1rb2p/3pR2q/p1pP4/P1P3Q1/5PPN/4R1K1 b - - 1 30,h5g6 g3g6 f7g6 e5e6 d6e6 e1e6,1334,75,70,241,crushing long middlegame,https://lichess.org/DJ3edB5i/black#60,
00GBV,3r1rk1/pp2n1pp/8/8/Nq6/1PB5/P3QPPP/4R1K1 b - - 1 25,b4d6 e2e7 d6e7 e1e7,1459,77,82,298,advantage middlegame short,https://lichess.org/MksLS6CR/black#50,
00GHw,r1bq1r2/1p4kp/4p1p1/1NpPp1P1/2P1P3/pPQ4B/P4n2/2KR3R b - - 1 21,f2h1 c3e5 g7g8 d5e6 d8e7 d1h1 e7g7 e5g7,2603,88,84,98,advantage middlegame veryLong,https://lichess.org/VU9ATvfr/black#42,
00GRa,1r3rk1/2p1Nppb/p2nq3/1p2p1Pp/4Qn1P/2P1N3/PPB2P1K/3R2R1 b - - 5 28,e6e7 e4h7,614,101,94,369,kingsideAttack mate mateIn1 middlegame oneMove,https://lichess.org/QiJhfG8J/black#56,
00GVf,2b2k2/6q1/pn4p1/1rp2p2/8/8/1P2Q1P1/1K2R2R b - - 3 32,c8d7 h1h8 g7h8 e2e7 f8g8 e7d8,1640,74,92,283,crushing exposedKing long middlegame sacrifice,https://lichess.org/sTFSNjA5/black#64,
00GWg,1r1r2k1/pp4pp/2nNb3/2R2p2/2P1p3/8/P4PPP/3BR1K1 w - - 1 26,d6b7 b8b7 c5c6 b7b1 g1f1 d8d1 e1d1 b1d1 f1e2 e6d7,2248,74,95,282,crushing middlegame veryLong,https://lichess.org/M7Dta3mv#51,
00GYk,1r4k1/p3p1bp/1n3qp1/6B1/6Q1/1P4pP/P5B1/3R3K b - - 0 29,f6e5 g5f4 e5f4 g4f4,1680,76,69,54,crushing master middlegame short,https://lichess.org/YCWBuQpY/black#58,
00GcF,6r1/1p1bRk2/p2q1n1r/3p4/3Q4/1P1B3P/P1P2PP1/4R1K1 b - - 4 27,d6e7 e1e7 f7e7 d4e3 e7f7 e3h6,1757,74,93,4506,advantage attraction exposedKing fork long middlegame,https://lichess.org/vZo2lFXq/black#54,
00Gt0,R7/4k3/5p2/3p2p1/4b2p/2K1P2P/5PP1/8 w - - 2 47,f2f3 d5d4 c3d4 e4a8,1053,77,83,102,crushing discoveredAttack endgame master short,https://lichess.org/5OO7Wczb#93,
00GuG,2R5/7p/1K4k1/8/5p2/5n2/8/8 w - - 0 63,c8c6 g6f5 b6c5 h7h5,2411,97,89,745,advantage defensiveMove endgame master short,https://lichess.org/6xU6SaA2#125,
00Gvr,8/1b3pp1/1k4Pp/4K2P/4PP2/8/8/8 b - - 0 46,f7f6 e5e6 b7e4 e6f7,1381,76,93,1565,advantage bishopEndgame defensiveMove endgame master short,https://lichess.org/tHhRpYsL/black#92,
00Gz6,r7/p3qkp1/1p4p1/3Nn3/Q7/4PP2/PP3K2/6R1 b - - 0 25,e7c5 a4f4 f7e6 f4e4 a8f8 g1g6,2661,93,90,396,crushing endgame fork long pin,https://lichess.org/F80hPRFE/black#50,
00H1C,r3r3/1kpRnqpp/p4p2/Qp2P2P/1N6/4Pb2/PPP3P1/2K2R2 b - - 0 22,e7c6 a5c7,1456,83,80,306,mate mateIn1 middlegame oneMove,https://lichess.org/GzcjOw0p/black#44,
00H2I,4rrk1/ppp2pp1/7p/3n4/3P3q/1P2p2P/P5P1/R1BQRBK1 w - - 2 23,c1b2 h4f2 g1h2 f2b2,2049,78,87,40,crushing fork middlegame short,https://lichess.org/cCjO5vXk#45,
00H2L,8/8/2p2p2/p4P1p/Pk5P/4K1P1/8/8 w - - 1 39,e3d3 c6c5 d3e2 c5c4 g3g4 h5g4,2244,146,100,13,crushing endgame long pawnEndgame quietMove,https://lichess.org/UMoEkwn0#77,
00H87,6k1/2q1pp2/p5pB/2p4n/3pP1Q1/P2P3P/1r4P1/5RK1 b - - 1 30,c7g3 g4c8 g8h7 f1f7 h5g7 f7g7 h7h6 c8h8 h6g5 g7g6 g5g6 h8g8 g6f6 g8g3,2000,76,88,397,attraction crushing deflection endgame sacrifice skewer veryLong,https://lichess.org/hQEAqclb/black#60,
00HEh,3R1rk1/pp3ppp/2p3b1/2n3P1/2B2q1P/5N2/PPP1QP2/4R1K1 b - - 0 23,f8d8 e2e8 d8e8 e1e8,1103,156,100,25,kingsideAttack mate mateIn2 middlegame sacrifice short,https://lichess.org/ekEf00kl/black#46,
00HGG,8/pp6/2p1kpp1/3p4/3P1PPp/1P3K2/P1P4P/8 w - - 0 31,g4g5 f6g5 f3g4 g5f4 g4f4 e6f6,1681,75,82,119,crushing defensiveMove endgame long pawnEndgame,https://lichess.org/JyqJknFl#61,
00HPz,6r1/7p/2pk1p2/P2p4/P2KbP2/4P3/4NR1P/8 w - - 1 35,e2c3 c6c5,1201,270,100,16,endgame mate mateIn1 oneMove,https://lichess.org/ElfQqRYp#69,
00HSV,r2q1kr1/ppp2p1p/2n5/8/3P4/P2BP1N1/1P1Q1PbP/R3K2R w KQ - 0 17,d3h7 g8g3 f2g3 g2h1,1719,83,70,40,advantage middlegame short,https://lichess.org/RldMoyAB#33,Queens_Gambit_Declined,Queens_Gambit_Declined_Queens_Knight_Variation
00HVU,r2qkb1r/ppp1pppp/8/3p3Q/3n1P2/3B3P/PPP2PP1/RN2K2R b KQkq - 1 9,g7g6 h5e5 d4f3 g2f3,1638,74,91,1097,advantage fork middlegame short,https://lichess.org/SHbaicFX/black#18,
00HZC,4r1k1/pp1qn3/2p4R/6p1/3P1rR1/3Q2P1/PP3P1P/6K1 b - - 0 31,f4g4 d3h7 g8f8 h6f6,1529,75,61,126,endgame mate mateIn2 short,https://lichess.org/SPwu7cIA/black#62,
00HoG,5r1k/5r2/2b2RQp/1p1p2p1/1q4P1/8/8/1B3R1K b - - 0 36,f7f6 g6h7,1380,92,100,144,mate mateIn1 middlegame oneMove,https://lichess.org/zwJu9mKP/black#72,
00Htd,rnbqk2r/1p3ppp/p4b2/2Pp4/8/2N2N2/PP2PPPP/R2QKB1R w KQkq - 0 9,d1d5 f6c3 b2c3 d8d5,890,77,92,817,crushing intermezzo opening short,https://lichess.org/ZWQwqa9S#17,
00Hxb,1rbr1k2/p4ppp/2B5/2pR1NP1/2P5/P7/7P/4R1K1 b - - 0 27,d8d5 e1e8,1126,80,83,1098,endgame mate mateIn1 oneMove,https://lichess.org/FW9LwaHK/black#54,
00HzH,2r2Qk1/p2q2p1/1p2p1Np/3p3P/3Pb1P1/2P5/PP3R2/6K1 b - - 4 33,c8f8 f2f8 g8h7 f8h8,1156,192,100,18,endgame hookMate mate mateIn2 short,https://lichess.org/XB8lgZ9N/black#66,
00HzX,4r1k1/5pp1/2R4p/1p6/8/1PP3QP/2q2PP1/6K1 w - - 0 29,c6h6 c2c1 g1h2 c1h6,1405,286,100,8,crushing endgame fork short,https://lichess.org/tKKATkce#57,
00ICz,2k2rr1/1p1q3p/1p2p3/1NbpQ3/P1p2P2/6P1/6KP/R4R2 b - - 0 31,f8f5 b5a7 c8d8 e5b8 d8e7 b8g8,1157,77,90,118,crushing long middlegame skewer,https://lichess.org/aGEDdbh2/black#62,
00IDw,4r3/pN3kpp/2N1b3/2R5/5b2/P7/1P3PPP/7K w - - 1 30,g2g3 e6h3 c5c1 f4c1,1821,75,85,140,advantage endgame quietMove short,https://lichess.org/KmTVU8Fo#59,
00IF7,b3k2r/4bpp1/2q1p2p/1p1nP3/1Pp1N3/2P5/2B2PPP/2BQR1K1 w k - 0 19,c1e3 d5c3 d1g4 c3e4,1637,86,55,27,crushing middlegame short,https://lichess.org/7PRHzjIO#37,Sicilian_Defense,Sicilian_Defense_Old_Sicilian
00IFk,r1b4r/ppk2ppp/2p5/3n2B1/2P5/6P1/P1P1B2P/2KR3R b - - 0 16,d5c3 g5f4 c7b6 c4c5 b6c5 f4e3,2147,76,89,109,attraction crushing long middlegame,https://lichess.org/aDBJY27j/black#32,Philidor_Defense,Philidor_Defense_Lion_Variation
00IPp,4Q3/6pk/p3p2p/5p2/1p1P2P1/4q2P/2B1n2B/7K w - - 0 35,g4f5 e3f3,1533,89,82,1381,endgame mate mateIn1 oneMove,https://lichess.org/JKNcTJw1#69,
00ISm,5r2/4bp1k/2ppq1p1/4p1Q1/4N2P/3P4/1P1R1P2/4K1R1 b - - 0 29,e7g5 e4g5 h7h6 g5e6,907,88,84,82,crushing endgame fork short,https://lichess.org/Nx7iGvHH/black#58,
00IUT,1r2r1k1/ppp1q1pp/4b3/4P3/1Q1p1P2/8/P5PP/R1BR2K1 w - - 6 19,d1d4 c7c5 b4a3 c5d4 a3e7 e8e7,1369,74,96,12093,crushing fork long middlegame,https://lichess.org/93xXeKdX#37,Italian_Game,Italian_Game_Classical_Variation
00IYH,rnbq1rk1/ppp2pp1/3p1n1p/2b1p2N/2B1P3/3P4/PPP2PPP/RNBQ1RK1 b - - 2 7,c8g4 h5f6 d8f6 d1g4,1037,79,93,2126,advantage kingsideAttack opening short,https://lichess.org/D9n0j4f5/black#14,
00IaZ,4R3/1k2R3/3K2p1/1P6/1P6/2rp3r/8/8 b - - 3 45,b7b6 e8b8,946,84,91,421,endgame master mate mateIn1 oneMove rookEndgame,https://lichess.org/MA0bo8dV/black#90,
00IiM,r5k1/pp4p1/1n6/3pB3/3P2pb/2NQ1r2/PP6/2K3R1 w - - 2 24,d3f3 g4f3 g1g7 g8f8,1693,75,92,1732,advantage middlegame short,https://lichess.org/qzEITbaG#47,
00In2,8/b2r1p1k/5Qp1/1p5p/4p3/1P1q3P/5PP1/2B2RK1 b - - 13 38,d3b3 c1b2 b3b2 f6b2,1752,73,94,6298,advantage endgame quietMove short,https://lichess.org/Ut09PlkM/black#76,
00IpT,r1bk3r/ppp1n2p/3pNQ2/8/2BpP2p/8/PPPq2PP/R5K1 b - - 2 21,d8d7 f6h8 d7c6 h8e8,1686,267,54,5,crushing hangingPiece middlegame short,https://lichess.org/pxYUaQJx/black#42,
00Ivf,8/2p4r/1p3k2/p2Pp1p1/P1P1RpP1/1P3P1r/4R1K1/8 w - - 7 46,e4e5 h3h2 g2f1 h2h1 f1f2 h7h2,1675,76,87,165,endgame long mate mateIn3 rookEndgame,https://lichess.org/VX0fLjAC#91,
00J1t,r1qr3k/pp3pB1/1np1pb2/8/3P3P/2N2PR1/PP1Q2P1/2KR4 b - - 0 22,f6g7 d2g5 d8g8 g5h5 g7h6 h5h6,1764,76,98,6622,exposedKing kingsideAttack long mate mateIn3 middlegame,https://lichess.org/77hjhVfM/black#44,
00J7i,3r2k1/pQ3ppp/4R1n1/2q5/2P5/2B3P1/P4PBP/6K1 b - - 0 24,f7e6 b7g7,1000,100,67,34,endgame master masterVsMaster mate mateIn1 oneMove,https://lichess.org/nBfwpOrE/black#48,
00JO7,5rk1/ppq3pR/4p1r1/3p4/8/2P4Q/PP3RPP/6K1 b - - 0 22,c7c5 h7h8,990,76,89,70,endgame mate mateIn1 oneMove,https://lichess.org/Vd3DWn3Y/black#44,
00JQS,5r1k/pb3Qpp/2p5/5p2/3P4/8/PPP2PPP/4R1K1 b - - 0 21,f8f7 e1e8 f7f8 e8f8,600,86,76,602,backRankMate endgame mate mateIn2 short,https://lichess.org/jB9KjawU/black#42,
00JS1,2r5/1p2k1pp/4p3/1N3p2/5P2/P2nP3/1R4PP/6K1 w - - 0 24,b2d2 c8c1 d2d1 c1d1,600,100,88,572,endgame mate mateIn2 short,https://lichess.org/ROJJOhHY#47,
00JYV,r2q1rk1/p1p1bppp/2pp1nb1/4p3/4P1PN/2NP3P/PPP2PK1/R1BQ1R2 b - - 4 11,f6e4 h4g6 e4c3 g6e7 d8e7 b2c3,1624,74,96,2130,advantage kingsideAttack long opening,https://lichess.org/rJrzfvfs/black#22,Ruy_Lopez,Ruy_Lopez_Steinitz_Defense
00JZk,7k/1q5p/3Q2p1/8/P3p3/1p2B2P/1br3P1/R5K1 b - - 0 32,b7f7 a1f1 f7f1 g1f1,2003,74,93,1126,crushing endgame short,https://lichess.org/YuyVHFxe/black#64,
00JzT,8/7p/6pK/5p2/4p3/1k4P1/5P1P/8 w - - 2 44,h6h7 g6g5 g3g4 f5f4,1688,78,79,63,crushing defensiveMove endgame pawnEndgame quietMove short,https://lichess.org/Zk86Dja7#87,
00K0G,8/8/8/2Pk4/pK4p1/3N4/5P2/3b4 b - - 7 59,d1e2 d3f4 d5c6 f4e2,747,83,79,73,crushing endgame fork master short,https://lichess.org/xIDctz9w/black#118,
00K8j,r2q2kr/p4pp1/4b2p/n1Qn4/5B2/4P3/PP3PPP/2KR1BNR w - - 1 14,f4c7 d8c7 c5c7 d5c7,1460,76,100,118,advantage opening short,https://lichess.org/AiNXhpcc#27,Queens_Gambit_Declined,Queens_Gambit_Declined_Queens_Knight_Variation
00KMV,1r3k2/1p1q1p2/p2p1np1/2pP2bp/2P1P1n1/1PQ3P1/P3N1K1/3N1R1R b - - 11 28,f6e4 c3h8 f8e7 h8b8,1089,76,96,2133,crushing middlegame short skewer,https://lichess.org/zMA7YEmv/black#56,
00KNB,2rr2k1/5p2/4p2p/4N1pQ/1p3P2/4P3/np3P1P/2q2BRK b - - 1 32,c8c7 h5h6 b2b1q h6g5,2627,83,90,182,crushing kingsideAttack master middlegame pin short,https://lichess.org/Ri0duT8T/black#64,
00KO5,2r2rk1/3p1ppp/p3p3/1p2q3/6P1/3Q4/PP5P/1K2RR2 b - - 0 22,e5h2 f1h1 h2c2 d3c2 c8c2 b1c2,1387,74,87,121,advantage endgame long,https://lichess.org/jUnUTglG/black#44,
00KOz,8/r4k2/7R/5PK1/1n6/8/8/8 b - - 3 56,b4d5 h6h7 f7f8 h7a7,961,80,100,451,crushing endgame master short skewer,https://lichess.org/QVprMNzR/black#112,
00KUa,r1bk1bnr/pppp1Bpp/8/3Nq3/3nP3/3P4/PPP2PPP/R1BQK2R b KQ - 0 8,g8f6 c1f4 e5f4 d5f4,1555,161,-100,10,crushing opening short trappedPiece,https://lichess.org/QBzgVaj1/black#16,
00KVF,4r1k1/p4ppp/bqp2n2/2Qp4/3P4/8/PP3PPP/RNB1N1K1 w - - 1 16,c5c3 b6b5 e1d3 b5d3,2307,84,76,60,crushing middlegame short,https://lichess.org/KXFidiSb#31,Sicilian_Defense,Sicilian_Defense_Old_Sicilian
00KVO,4r3/p1R3p1/4r2p/3k1n2/3p4/P5B1/1P4PP/4R1K1 w - - 2 28,c7a7 e6e1 g3e1 e8e1,837,93,75,47,crushing endgame short,https://lichess.org/4wKfUa8h#55,
00KVb,2k2r2/pp5p/3p4/3Nb1p1/8/1P1P3P/P1Pn4/1K1R1R2 w - - 3 28,d1d2 f8f1 d2d1 f1d1,1221,299,100,10,endgame hangingPiece mate mateIn2 short,https://lichess.org/tzIW1ZLM#55,
00KYC,5rk1/p6p/2r1pBp1/4P3/2b5/3p4/P4PPP/1R2R1K1 w - - 0 27,b1b7 f8f6 e5f6 d3d2 e1d1 c4e2,2243,83,78,42,advancedPawn clearance crushing endgame long master sacrifice,https://lichess.org/wxhreSsZ#53,
00KYE,r1b2k1r/pp4p1/2pq2p1/3p4/3p4/1N6/PPP2PPP/R2Q1RK1 w - - 0 17,d1d4 d6h2,942,105,86,174,kingsideAttack mate mateIn1 middlegame oneMove,https://lichess.org/IOpSkMQi#33,Italian_Game,Italian_Game_Scotch_Gambit
00Kbj,8/8/6p1/PR3p2/1P3k2/7P/r5P1/7K w - - 1 39,h3h4 f4g3 b5d5 a2a1 d5d1 a1d1,1560,74,94,8513,endgame long mate mateIn3 rookEndgame,https://lichess.org/PW8a1JvE#77,
00Kd8,3R4/3P4/8/5p2/5kPp/8/3r1KP1/8 w - - 1 64,f2g1 f4g3 g1f1 f5g4,2179,75,87,258,advantage endgame rookEndgame short,https://lichess.org/loJK0sJF#127,
00Keu,R7/1p3kp1/2pK3p/3p1PP1/1r1B2nP/8/1P6/8 b - - 2 39,b4d4 g5g6 f7f6 a8f8,965,75,100,403,endgame mate mateIn2 short,https://lichess.org/hCWa2OUn/black#78,
00KhM,5rk1/5ppp/1R6/3Qp3/2B1P3/2q3P1/3R1PKP/1r6 b - - 0 27,b1b6 d5f7 f8f7 d2d8,1435,119,69,28,clearance endgame mate mateIn2 pin sacrifice short,https://lichess.org/o5Jg9MLX/black#54,
00Knu,r2q1rk1/p3bpp1/2pp1nb1/4p1Q1/8/1B3N1P/PPP3P1/R1B2RK1 b - - 0 18,f6e4 g5g6 d8b6 g1h2,1826,79,87,51,advantage defensiveMove opening pin short,https://lichess.org/ICZqsNVs/black#36,Czech_Defense,Czech_Defense_Other_variations
00L4x,1r4k1/4Ppbp/p5p1/2q5/p2n4/P2Q2B1/r2N1PPP/3KR2R b - - 0 27,g7h6 e7e8q b8e8 e1e8,1119,79,92,2377,advancedPawn crushing kingsideAttack middlegame promotion short,https://lichess.org/kQUg1Hn3/black#54,
00LBF,3r2k1/1b2qpb1/pp4p1/3rp3/3R2P1/2P2NBP/PP2Q2K/3R4 b - - 0 33,e7d7 d4d5 b7d5 c3c4,2175,80,82,57,advantage master middlegame short,https://lichess.org/HG0KKbWc/black#66,
00LH7,6k1/6Bp/6pP/3q1p2/p2PnQ2/2r5/P5PK/4R3 b - - 1 39,d5d6 e1e4 d6f4 e4f4,1588,75,95,3269,crushing endgame short,https://lichess.org/7mA63Gfs/black#78,
00LI0,r2qk2r/pp1n1ppp/4pn2/3p2B1/1b1P4/2N1QN1P/PPb1BPP1/R4RK1 w kq - 0 12,c3d5 f6d5 g5d8 d5e3,1443,170,100,24,crushing hangingPiece middlegame short,https://lichess.org/sUoFIFQT#23,Caro-Kann_Defense,Caro-Kann_Defense_Exchange_Variation
00LII,2k4r/pp6/3p4/2pBb3/4P2B/2P2bp1/PP1R4/R5K1 w - - 1 32,d2g2 h8h4 a1f1 f3g2,1620,79,85,55,advantage hangingPiece middlegame short,https://lichess.org/0PFmmeVw#63,
00LMb,8/8/1n4kP/1P3p2/3P1K2/2p1N3/8/8 w - - 4 49,f4e5 b6c4 e3c4 c3c2,1739,86,74,38,advancedPawn crushing endgame knightEndgame sacrifice short,https://lichess.org/8fplizkC#97,
00LO6,2r3k1/3q1pp1/1rp5/2Rn2Np/1p1N3n/1Q2P3/5PP1/2R3K1 w - - 0 33,c5d5 c6d5 c1c8 d7c8,1644,75,84,68,advantage middlegame short,https://lichess.org/X0I5NJuv#65,
00LOy,5k2/1p3pp1/p3pb2/r7/2P2B2/1P6/1PR1K1PP/8 b - - 0 33,f6e5 b3b4 a5a1 f4e5,1524,75,95,9235,crushing endgame short,https://lichess.org/dq3UiVvj/black#66,
00LRq,1k6/1p1q4/P2p3p/1NpPpn1Q/5b2/2P3r1/1P2B1P1/R6K b - - 3 28,g3g7 a6a7 b8a8 b5c7 d7c7 h5e8 c7b8 a7b8q,2307,87,90,72,advancedPawn doubleCheck mate mateIn4 middlegame promotion queensideAttack sacrifice veryLong,https://lichess.org/i9yxFCW9/black#56,
00LRv,5r1k/7p/p2pB3/3Pb1p1/4p2q/1P2B3/P1Q2P2/2R3K1 w - - 0 31,f2f4 h4g3 g1h1 g3f3 c2g2 f3e3,2448,93,69,60,crushing exposedKing fork long middlegame,https://lichess.org/AebpnUup#61,
00LZf,r1b1kb1r/pppp1ppp/2n1p3/3nN3/3P2q1/4B3/PPP1BPPP/RN1Q1RK1 b kq - 9 8,d5e3 f2e3 g4g5 e5f7 g5e3 g1h1,2205,91,25,28,advantage attackingF2F7 fork long opening,https://lichess.org/sVgQxr8Q/black#16,
00LZl,r2qkb1r/ppp2ppp/2n5/3pPb2/3n1B2/2NB1N2/PP3PPP/R2QK2R b KQkq - 3 9,f8b4 f3d4 c6d4 d1a4 d4c6 d3f5,2201,77,92,1304,advantage deflection fork long opening,https://lichess.org/jBb2kj01/black#18,
00LdT,r5k1/pbp2ppp/6q1/2pp4/3B3r/2P1R1P1/PP2QP1P/R5K1 b - - 1 20,c5d4 e3e8 a8e8 e2e8,1437,438,100,1,kingsideAttack mate mateIn2 middlegame short,https://lichess.org/MH7zaBHa/black#40,
00Lo9,5k2/8/4p3/3p2p1/p1pQ2P1/P1P2q2/1PB5/7K w - - 0 42,h1h2 f3e2 h2g3 e2c2,1424,273,100,5,endgame equality fork short,https://lichess.org/oAKhM88Y#83,
00LoE,2k5/1p4p1/p4b2/3p4/3P4/2PQN3/PP3q2/1K6 w - - 0 37,e3d5 f2g1 b1c2 g1g2,1868,75,46,114,crushing endgame short,https://lichess.org/bDt5hp3w#73,
00Lyc,4R3/1p4k1/1q1N1bpp/3B4/5p1P/p4P2/3RK1P1/8 w - - 4 42,d6e4 b6b5 d2d3 b5e8,1823,170,100,13,crushing endgame fork short,https://lichess.org/YB9ozD4y#83,
00M1q,2r3k1/2r1q1p1/p3p1Q1/1p1p4/nP1P4/2P4R/P4PPP/2R3K1 b - - 0 30,e7f6 g6h7 g8f7 h3f3 f6f3 g2f3,1335,74,93,2581,advantage long middlegame pin,https://lichess.org/nsAQV9mj/black#60,
00M6i,6k1/1N4pp/p7/4bp2/P1P5/1r6/6PP/2R3K1 w - - 1 33,b7c5 e5d4 g1f1 d4c5,1150,120,43,15,crushing endgame fork short,https://lichess.org/kUhFtcHh#65,
00M7w,r1b1k2r/ppp2ppp/2n5/2bBp3/2Pq4/3P1QP1/P2B1P1P/1R2K1NR b Kkq - 2 12,f7f6 g1e2 d4f2 f3f2 c5f2 e1f2,2322,77,90,1544,crushing long opening,https://lichess.org/rhyiYyX3/black#24,Scandinavian_Defense,Scandinavian_Defense_Main_Line
00ME0,8/1p6/p1b5/5k1p/1PB1p2P/P3P1K1/8/8 b - - 2 35,f5e5 c4f7 c6d7 f7h5,1605,74,92,629,bishopEndgame crushing endgame short,https://lichess.org/Z2H5mRQg/black#70,
00MFe,3r3k/p5pp/2r2q2/2p4Q/8/8/P5PP/3R1R1K b - - 5 29,d8d1 h5e8 f6f8 e8f8,1438,76,92,1738,endgame mate mateIn2 short,https://lichess.org/d1J7UJ4D/black#58,
00MGA,r3r1k1/6b1/p2Nn2p/1P1Qp3/6nq/2P5/1PB2PP1/R1B1R1K1 w - - 1 30,g2g3 h4h2 g1f1 h2f2,1267,75,95,194,kingsideAttack mate mateIn2 middlegame short,https://lichess.org/dsGjft94#59,
00MHi,8/8/5pp1/5k1p/5P1P/4R1P1/2r5/5K2 w - - 0 43,e3e2 c2e2 f1e2 f5g4 e2f2 g4h3,2232,80,71,202,crushing endgame long rookEndgame zugzwang,https://lichess.org/im48PGD7#85,
00MIY,6k1/3R3p/1p5q/3P4/3QP1pN/6P1/PPr3B1/5rK1 w - - 0 25,g1f1 h6c1 d4d1 c1d1,1539,86,79,40,endgame mate mateIn2 short,https://lichess.org/SHHHsXB9#49,
00MNf,r1b3k1/pp3Rpp/3p4/2pN4/2P4b/5Q1P/PPP3P1/4qNK1 b - - 0 21,h4f6 f7f6 g7f6 f3f6,2017,148,50,13,crushing middlegame short,https://lichess.org/S4llTtjA/black#42,
00MS3,rn1qr1k1/1p2bppp/2p2B2/p2p4/3P4/2N2N2/PPP1QPPP/2KRR3 b - - 0 12,e7f6 e2e8 d8e8 e1e8,824,83,81,120,backRankMate mate mateIn2 middlegame short,https://lichess.org/Eia6KIcR/black#24,French_Defense,French_Defense_Exchange_Variation
00MWz,8/8/2B5/4pK2/3k1pPp/5n1P/8/8 b - - 3 57,f3g1 g4g5 g1e2 g5g6,831,80,100,1064,crushing endgame quietMove short,https://lichess.org/1sHbVvW6/black#114,
00MYL,1R6/3k1Q2/p2b1p2/2r1p3/3n4/P6P/5PP1/4qBK1 b - - 1 40,d7c6 f7b7,1263,77,89,354,mate mateIn1 middlegame oneMove,https://lichess.org/fwb6IEPk/black#80,
00MZr,1k5r/ppp5/2p5/3n4/5pQ1/3P1P1r/PPP2K2/5R2 w - - 2 26,f1g1 h3h2 g1g2 d5e3,1962,74,89,733,crushing endgame short,https://lichess.org/LITlSDhw#51,
00Mca,1k6/1Pp1rqp1/p1R5/6pp/Q6P/1P6/P4PBK/3r4 b - - 5 34,e7e6 a4c4 e6c6 c4f7,2387,76,91,2394,crushing endgame short,https://lichess.org/FcSCJACK/black#68,
00Mei,8/6rk/6p1/1R3b1p/2pQ1P2/2P3P1/qP4PK/8 b - - 0 36,f5d3 d4d8 a2a7 b5b8 a7b8 d8b8,2522,77,95,152,advantage endgame long master quietMove,https://lichess.org/xvCSyLc3/black#72,
00NGM,3k1rr1/pR1b3Q/2pqp3/8/N2P4/8/5PB1/R4K2 w - - 5 34,b7a7 f8f2 f1e1 d6b4 a4c3 b4c3 e1f2 c3d4 f2f1 g8f8,1500,500,100,0,crushing middlegame veryLong,https://lichess.org/Z5cYm9YQ#67,
00NOI,3r4/2k2p1p/pp2pp2/2p5/3nN3/6P1/PPP2PRP/2K5 w - - 2 23,e4f6 d4e2 c1b1 d8d1,966,89,60,32,backRankMate endgame mate mateIn2 short,https://lichess.org/Z7mmtXNG#45,
00NUc,6k1/6pp/1PP5/4b3/3p4/Br5P/4prP1/R5RK w - - 1 30,c6c7 b3h3 g2h3 f2h2,1559,146,100,41,endgame mate mateIn2 sacrifice short,https://lichess.org/8FRZVN6d#59,
00NVe,2B4k/p1p3pb/8/5pnr/8/2P2R2/PPP2K2/6R1 w - - 6 34,c8f5 g5f3 f5g4 f3g1,1518,121,48,14,advantage endgame short,https://lichess.org/7yU1Aehr#67,
00Nej,6k1/1p3pp1/pB2qb1p/2P5/1P6/6QP/4r1P1/3R3K b - - 4 33,f6e5 d1d8 g8h7 g3d3 e6g6 d3e2,1091,79,92,2974,crushing endgame fork long,https://lichess.org/P5XLEtLV/black#66,
00Nf5,r1bq1rk1/pp2bppp/2pp1n2/8/5P2/5N2/PBPPB1PP/RN1Q1RK1 w - - 5 11,b1c3 d8b6 g1h1 b6b2 a1b1 b2a3,1574,75,96,1321,advantage fork long opening,https://lichess.org/JkE5qS7u#21,Polish_Opening,Polish_Opening_Other_variations
00O37,r1q1r1k1/1p3pp1/n1p4p/p1bpp2P/P3P3/2P2P2/1P1QBP2/R1BK3R b - - 3 23,c5f2 e2a6 b7a6 d2f2,1301,79,86,57,advantage discoveredAttack middlegame short,https://lichess.org/N2UAIb27/black#46,
00O8m,r3r1k1/ppp2ppp/2nn1q2/8/3P4/P1P1P1P1/2Q3BP/R1B1KR2 b Q - 4 16,f6e6 d4d5 e6e5 d5c6,1463,75,93,332,crushing fork middlegame short,https://lichess.org/G3Q51olU/black#32,Englund_Gambit_Declined,Englund_Gambit_Declined_Reversed_French
00O9Z,5QR1/5p1p/1b3qp1/p6k/P2P4/8/1P2rPPP/5RK1 w - - 7 32,g8h8 f6f2 f1f2 e2e1 f2f1 b6d4 g1h1 e1f1,1886,75,83,669,backRankMate deflection endgame fork master mate mateIn4 pin sacrifice veryLong,https://lichess.org/DKnGKRmQ#63,
00O9a,1k3r2/q5r1/2Qp3p/N2Bp3/4P1p1/P7/1PP2PPP/R5K1 w - - 12 35,a5c4 a7f2 g1h1 f2f1 a1f1 f8f1,848,76,95,388,backRankMate long mate mateIn3 middlegame sacrifice,https://lichess.org/t6wbqTty#69,
00OOp,5rk1/1bR3q1/pQ6/8/6r1/4R2P/P7/6K1 w - - 0 28,h3g4 g7g4 e3g3 g4g3,987,84,93,49,endgame mate mateIn2 short,https://lichess.org/N1WcEYJH#55,
00OPk,6rk/7p/R2N3P/1r6/1P5K/P7/8/8 b - - 4 50,b5d5 d6f7,763,93,92,780,endgame mate mateIn1 oneMove,https://lichess.org/aDJVIeGE/black#100,
00OQt,8/8/8/p3b3/P1B2pKp/1Pk1p2P/6P1/8 w - - 8 50,g4h4 c3d2 h4g4 e3e2 c4e2 d2e2,1737,75,86,343,advancedPawn bishopEndgame crushing endgame long,https://lichess.org/vZaFj9IE#99,
00OXc,8/5K1p/1p4pk/8/3brp2/5R2/8/8 b - - 5 50,g6g5 f3h3,1072,138,100,41,endgame mate mateIn1 oneMove,https://lichess.org/Dp1LJyaZ/black#100,
00Ocp,r3k3/p1pbq3/2p2p2/4p1p1/2B3p1/2P4r/P1P2PQP/3RR1K1 b q - 3 20,e7c5 g2e4 f6f5 e4e5 c5e5 e1e5,1723,358,100,1,crushing exposedKing long middlegame,https://lichess.org/fCyysDNm/black#40,
00Oft,3r4/p1pk1p1p/2pp1qr1/2b5/Q3P1b1/5NB1/P2N1PPP/R4RK1 w - - 2 16,g3h4 g4f3 d2f3 f6f3,1408,247,100,6,equality middlegame pin short,https://lichess.org/SpSdvvVa#31,
00Ohu,1n3rk1/r3q1bp/pp2p1p1/2p1NnN1/4QP2/BPP5/P2R2PP/5RK1 b - - 2 21,h7h6 e5g6 e7f6 g6f8,1479,75,52,115,crushing fork middlegame short,https://lichess.org/8qQE5EI4/black#42,
00OmS,r1bq1rk1/pp2pp1p/6pB/3Nb3/8/5B2/Pn2QPPP/R4RK1 b - - 1 15,e5h8 d5e7 d8e7 e2e7,1465,75,92,1327,crushing kingsideAttack middlegame short,https://lichess.org/eNcGmn5c/black#30,Scandinavian_Defense,Scandinavian_Defense_Richter_Variation
00Oo2,k7/pp1r2p1/2n2q2/3b1P1B/1P5P/2P5/P4Q2/2KR2R1 w - - 1 32,c1c2 c6b4 c2b1 b4a2 f2c5 a2c3,2157,112,72,26,advantage long middlegame,https://lichess.org/DSMfbugE#63,
00Or5,r2qkbnr/pp5p/8/4Nb2/3p4/1QN5/PP2PPPP/R3KB1R b KQkq - 1 12,d4c3 b3f7,1466,97,51,220,mate mateIn1 oneMove opening,https://lichess.org/29LGsamW/black#24,Slav_Defense,Slav_Defense_Other_variations
00Ozz,3kRr2/3n1B1p/2pP4/p1n5/Ppp5/8/1P3PPP/4R1K1 b - - 8 32,f8e8 e1e8,869,100,84,190,endgame mate mateIn1 oneMove,https://lichess.org/gO3w1uZJ/black#64,
00P6j,r2n2k1/1bRq1rpp/1p6/3P4/p3Q3/B3P3/PP3PPP/3R2K1 b - - 0 20,d7c7 e4e8 f7f8 e8f8,1366,76,84,533,kingsideAttack mate mateIn2 middlegame short,https://lichess.org/vBpR18cI/black#40,
00P81,6k1/5p2/4p2p/3pPP2/1R5P/7r/2B5/2b2K2 b - - 0 46,h3c3 b4b8 g8h7 f5e6 c3c2 e6e7,2344,74,95,2727,advancedPawn crushing discoveredAttack endgame long sacrifice,https://lichess.org/SIETCqbJ/black#92,
00PGi,3r1q1k/pppb2pp/2np4/6N1/5B2/1Q4P1/PP4PP/4R2K b - - 11 24,b7b6 g5f7 f8f7 b3f7,989,82,95,846,crushing fork middlegame short,https://lichess.org/qzZ4hC7X/black#48,
00PIO,2k1r2r/1p2P3/p1b1p3/3p1npp/5q2/1N3N1Q/PP3PPP/2R2RK1 w - - 1 22,f3d4 f5d4 b3d4 f4d4 h3e6 c8c7,2347,80,87,630,crushing long middlegame,https://lichess.org/QcmS4aBG#43,
00Pgk,r2q1rk1/pbp1bp2/1p2pn1Q/5nN1/8/P1NB4/1PP3PP/R4RK1 w - - 2 17,d3f5 d8d4 g1h1 e6f5,2420,79,83,121,advantage intermezzo middlegame short,https://lichess.org/pe4L6fzJ#33,French_Defense,French_Defense_Henneberger_Variation
00PrK,r7/7R/P3k3/4p2p/3b2p1/3K4/8/5R2 b - - 7 55,a8a6 h7h6 e6d5 h6a6,1096,78,90,147,crushing endgame short skewer,https://lichess.org/N9FWAV9a/black#110,
00PvX,8/n7/P7/3k4/PK6/7P/5PP1/8 w - - 0 53,b4a5 d5c5 f2f3 a7c6,1630,76,75,228,endgame knightEndgame mate mateIn2 short,https://lichess.org/tH6dRFcZ#105,
00Q4v,8/2p1b3/q1Pp2k1/3Pp3/4Pr2/1Q3PK1/3N2P1/7R w - - 1 47,h1e1 e7h4 g3h2 h4e1,1249,82,70,58,crushing endgame short skewer,https://lichess.org/gHKVgDSR#93,
00QCD,3r1rk1/1Q3ppp/1q2pb2/8/1P1N4/4P1P1/3B1PBP/R5K1 b - - 0 23,b6b7 g2b7 f6d4 e3d4,1064,76,91,121,advantage middlegame short,https://lichess.org/AFf6cmqa/black#46,
00QCe,1k5r/n2r2pp/5p2/ppN5/5P2/8/2R3PP/1R4K1 b - - 3 28,d7c7 c5a6 b8b7 a6c7,1273,243,100,15,crushing endgame fork short,https://lichess.org/fovXj5D1/black#56,
00QHM,6k1/pp3rpp/4Nb2/4p3/1B1r4/6PK/PP5P/2R5 b - - 0 28,d4b4 c1c8 f6d8 c8d8 f7f8 d8f8,1017,80,92,132,endgame long mate mateIn3,https://lichess.org/VyUHT6ng/black#56,
00QOa,6rk/1pp1R1p1/6Bp/2b4P/8/pP3PK1/P1P5/8 w - - 5 32,e7c7 c5d6 f3f4 d6c7,787,78,91,324,crushing endgame fork short,https://lichess.org/afclLtrR#63,
00QQS,2r3k1/1p1q1ppp/4p3/Q7/3P4/P1B5/1Pr2PPP/R5K1 b - - 0 22,d7d4 c3d4 c2c1 a5e1,1828,167,43,16,advantage endgame hangingPiece short,https://lichess.org/tG606j71/black#44,
00QY3,2k3r1/pp5p/4p3/2p2p2/2P5/P4P1q/1PQ1RR1b/7K w - - 0 32,f2h2 h3f1,1055,76,86,278,endgame master mate mateIn1 oneMove,https://lichess.org/Ip4qQXo1#63,
00QZ3,r1bq3r/ppppnkpp/2n5/b5N1/4P3/B1P5/P4PPP/RN1QK2R b KQ - 1 9,f7f8 d1f3 f8e8 f3f7,1292,77,91,1303,mate mateIn2 opening short,https://lichess.org/PiCJ1gmH/black#18,
00QjF,8/8/1pr1p1kp/pbPp2pN/3Pp1P1/1P2K3/P6P/2R5 b - - 0 29,e6e5 c5b6 c6c1 b6b7 c1e1 e3d2,1500,500,100,0,advancedPawn crushing long sacrifice,https://lichess.org/oPvDBkpv/black#58,
00Qm5,r2q1rk1/p3b1pp/2p5/4ppB1/4p1nP/2N5/PPP1QPP1/3R1RK1 b - - 8 15,d8c7 e2c4 g8h8 c3d5 c6d5 c4c7,1965,76,97,1368,crushing long middlegame,https://lichess.org/8fF68Ntt/black#30,Queens_Pawn_Game,Queens_Pawn_Game_Morris_Countergambit
00QnO,1k1r1r2/pp4p1/6q1/2Qp4/5bP1/2P4p/PPN3NP/R4R1K w - - 0 30,g2f4 g6e4 h1g1 f8f4,1649,232,100,13,crushing fork intermezzo middlegame short,https://lichess.org/9GENZopF#59,
00Qnn,r1bqkb1r/ppp1n1p1/7p/3Pp1N1/2P5/8/PP3PPP/RNBQK2R w KQkq - 0 11,d1h5 g7g6 h5e2 h6g5,1531,241,100,7,defensiveMove equality opening short,https://lichess.org/bvZx0hh4#21,
00QqI,r6r/pQ2nkpp/4b3/2p1q3/4p3/2N5/PP1B1PPP/R4RK1 w - - 1 15,c3e4 e6d5 e4g5 e5g5 d2g5 d5b7,1664,75,78,87,advantage long middlegame,https://lichess.org/71TDmfZz#29,Scotch_Game,Scotch_Game_Scotch_Gambit
00R0l,rnbqkb1r/pp3p1p/6pP/P1ppp3/6n1/3P1P2/1PP1P1P1/RNBQKBNR b KQkq - 0 7,g4h6 c1h6 f8h6 h1h6,1279,75,91,1140,advantage opening short,https://lichess.org/y06s0jL8/black#14,
00R2A,2kr1b1R/p5p1/8/3P1p2/8/4B3/PPPK1P2/8 w - - 1 25,c2c4 f8b4 d2d3 d8h8,1500,500,100,0,crushing discoveredAttack endgame short,https://lichess.org/ZjzT3REI#49,
00R4l,r1b5/p4pkp/3p2p1/2pPr3/2P5/1P1B4/R4PPP/R5K1 w - - 0 24,a2a7 a8a7 a1a7 e5e1 d3f1 c8f5,1517,74,90,912,advantage defensiveMove endgame long,https://lichess.org/IQW9ts1W#47,
00R8C,r4q1k/2bn2p1/2p3pp/1pP5/1P1B2P1/1Q1P1r1P/5PB1/4RRK1 w - - 0 27,g2f3 f8f4 d4g7 h8h7 e1e5 d7e5 g7e5 c7e5 f1e1 f4f3,2320,108,82,33,crushing fork master middlegame veryLong,https://lichess.org/ZILz4GAu#53,
00RYH,1k5r/ppp1R2p/3r1p2/5Q2/3p4/2qP4/2P2PPP/2K1R3 b - - 5 26,d6a6 e7e8 h8e8 e1e8,1031,81,89,112,backRankMate endgame mate mateIn2 short,https://lichess.org/qGI2u50w/black#52,
00RbX,3r2k1/2q1bppp/b3n3/p2N4/2p1P3/P3QN2/1PP2PPP/4R1K1 b - - 1 22,e7c5 d5c7 c5e3 c7e6 e3f2 g1f2,1711,76,78,101,advantage long middlegame,https://lichess.org/vo7nrvYf/black#44,
00Rcs,3k4/ppp2p1r/4p2P/5n2/3Pp1N1/2P2K2/P1P3P1/7R w - - 0 30,f3e4 f5g3 e4f4 g3h1,826,76,97,1310,crushing endgame fork short,https://lichess.org/6z8dEdCK#59,
00Rdf,2kr4/p1pr1pp1/1p4p1/1PP1P3/3B1PP1/PQ2Pn1P/2KRR3/5q2 w - - 1 30,c5b6 d7d4 e3d4 f3d4 c2b2 d4b3,1905,147,23,13,advantage exposedKing fork long middlegame,https://lichess.org/1DyqIpsd#59,
00Rlv,r3k1nr/p1q3pp/1pb1p3/2b2p2/8/N1BQ1P2/PPP3PP/2KR3R b kq - 3 14,a8d8 d3d8 c7d8 d1d8,626,92,73,89,advantage middlegame short,https://lichess.org/DoFZ2KjY/black#28,Duras_Gambit,Duras_Gambit_Other_variations
00RoG,2kr2nr/pp2nppp/2pp4/2b2PP1/4NPq1/3B1R2/PPP4P/R2QB2K w - - 5 18,h2h3 g4g1,1175,80,92,520,mate mateIn1 oneMove opening,https://lichess.org/rOjlXCXv#35,Scotch_Game,Scotch_Game_Other_variations
00Rqg,2k1r2r/Qpq5/3bp3/1P1P4/5pp1/2P5/1B2RPP1/R5K1 w - - 1 28,e2e6 c7h7 a7a8 d6b8 e6c6 b7c6,2494,85,67,91,advantage defensiveMove long middlegame quietMove,https://lichess.org/HiWWZDYW#55,
00Ru6,3r1r2/p5kp/1p4pP/2p5/2PbBQ2/2q5/P1P1K3/5R2 b - - 0 34,g7h8 f4f8 d8f8 f1f8,938,82,80,68,mate mateIn2 middlegame short,https://lichess.org/SA1K2pZD/black#68,
00Rue,r2qkb1r/pp1nppp1/2p2n1p/3p1b2/3P4/BP2PN2/P1P2PPP/RN1QKB1R w KQkq - 2 7,c2c4 f5b1 a1b1 d8a5 b3b4 a5a3,1802,73,95,8239,advantage fork long opening,https://lichess.org/tgFzBrLu#13,
00Rvy,r6k/6bp/p7/2Q5/8/5P2/4bKPP/8 b - - 2 37,e2d3 c5d5 a8f8 d5d3,1304,84,9,50,advantage endgame fork short,https://lichess.org/AFL6C8p8/black#74,
00RwV,2r1r2k/ppq3pp/3b1p2/3Q3R/3P4/4B3/PP3PPP/R5K1 w - - 1 20,d5f5 c7c1 a1c1 c8c1 e3c1 e8e1,1931,74,94,5116,long mate mateIn3 middlegame sacrifice,https://lichess.org/QtHdcDHe#39,
00RzK,1r2r3/p2k3p/2bP1q1P/1p2ppp1/1P6/1KPB4/P6Q/3R1R2 b - - 1 38,e8f8 d3f5 f6f5 f1f5,1538,76,87,169,advantage middlegame short,https://lichess.org/o4pFbzdX/black#76,
00S6g,r6r/p3kpbp/2Q1pnp1/q7/P2P1P2/1PP5/6PP/R1B2RK1 b - - 0 16,f6d5 f4f5 g6f5 f1f5 f7f6 c1a3 e7f7 c6d7 f7g6 f5f3,2746,87,64,80,advantage middlegame veryLong,https://lichess.org/jFCmK1qh/black#32,Queens_Pawn_Game,Queens_Pawn_Game_Other_variations
00S6j,3rr1k1/pp1q1pp1/1n1P1b1p/1Np5/8/1Q3N1P/PP3PP1/3R1RK1 b - - 2 20,a7a6 b5c7 d7c6 c7e8,1415,196,73,3,crushing master middlegame short,https://lichess.org/btjYBomF/black#40,
00SCL,r1b2rk1/2q1bp1p/p5p1/1p2p1PB/3BP3/2N5/PPPQ3P/R3K2R w KQ - 0 17,h5g6 e5d4 c3d5 c7e5 d5e7 e5e7,2060,81,76,69,advantage clearance long middlegame,https://lichess.org/humRaTMP#33,Sicilian_Defense,Sicilian_Defense_Najdorf_Variation
00SLR,rnbqk1nr/ppppbppp/4p3/8/5P2/5N2/PPPPP1PP/RNBQKB1R w KQkq - 2 3,g2g4 e7h4 f3h4 d8h4,1021,214,100,14,mate mateIn2 opening short,https://lichess.org/jqepvLa0#5,
00SMl,r4rk1/ppp2pn1/2np4/q2N4/3PP3/5P2/PPP5/1K1R1B1R b - - 2 18,c6b4 d5f6,1387,381,100,6,mate mateIn1 middlegame oneMove,https://lichess.org/vYCG7ony/black#36,Kings_Gambit_Accepted,Kings_Gambit_Accepted_Cunningham_Defense
00SOy,6k1/6b1/p1r1p2p/1pN4r/3P3q/2P2Q2/P4PP1/1R2R1K1 w - - 2 31,f3c6 h4h1,1351,126,94,103,mate mateIn1 middlegame oneMove,https://lichess.org/nkJegacG#61,
00STS,r4rk1/pppq2b1/2np3p/4p2b/B5p1/2PPQ2P/PP1N1P1B/R3NRK1 w - - 0 21,h3g4 d7g4 g1h1 g4a4,1525,76,94,10674,advantage fork middlegame short,https://lichess.org/gC9OswxQ#41,
00SWh,rn5Q/ppk1np2/3B4/6N1/6b1/8/PPP1q3/2KR4 b - - 0 18,c7b6 h8d4 b6c6 d4c3 c6d7 d1e1,1855,232,85,5,crushing exposedKing long middlegame,https://lichess.org/SIKtKv2M/black#36,Kings_Gambit_Accepted,Kings_Gambit_Accepted_Bishops_Gambit
00SeK,7k/pp5p/4r1pP/5pP1/3Q1n2/P1P5/KP6/5q2 b - - 1 35,h8g8 d4g7,1364,371,83,9,endgame mate mateIn1 oneMove,https://lichess.org/GRpzFRNZ/black#70,
00SiY,8/8/3p2N1/3Pp1n1/4Pp1p/3k1P1P/6K1/8 w - - 8 57,g6h4 d3e2 h4f5 g5f3,2208,75,92,1861,crushing endgame knightEndgame master short zugzwang,https://lichess.org/nqOd6mWK#113,
00SyL,1rb2rk1/4bppp/p1n1p3/1p1qP3/7N/P5P1/1PQ2PBP/R1B2RK1 b - - 1 15,d5c5 c2c5 e7c5 g2c6,1096,76,98,2409,capturingDefender crushing opening short,https://lichess.org/f988q4eE/black#30,Sicilian_Defense,Sicilian_Defense_Old_Sicilian
00Sz9,1r4k1/p4ppp/4p3/p5n1/4P3/1P1N1PPq/QB3b1P/R5K1 w - - 0 30,d3f2 g5f3 g1h1 h3h2,1040,79,95,389,kingsideAttack mate mateIn2 middlegame short,https://lichess.org/mJ2prRw1#59,
00T85,8/8/8/8/8/4K3/1k3Q2/1q6 b - - 5 53,b2c1 f2d2,1085,79,99,577,endgame master mate mateIn1 oneMove queenEndgame,https://lichess.org/j3dOR5SJ/black#106,
00TLz,8/p3Q2p/6p1/4p1k1/5q2/8/Pr4PP/6K1 b - - 1 36,f4f6 h2h4 g5f5 g2g4 f5g4 e7f6,1453,74,83,529,advantage deflection endgame long,https://lichess.org/iQZPp2A2/black#72,
00TOt,5bk1/5ppp/8/Q7/3p4/8/P1K1q2P/2R5 w - - 2 33,a5d2 d4d3 c2c3 f8b4,1551,75,92,779,crushing endgame short,https://lichess.org/azv2NWmg#65,
00TU2,1k1r4/1p3Qp1/p2q3p/3N4/1b6/8/PP3PPP/2R3K1 w - - 4 22,d5b4 d6d1 c1d1 d8d1,723,80,100,177,backRankMate endgame mate mateIn2 sacrifice short,https://lichess.org/p32396Rd#43,
00Ta0,4k3/1R6/6p1/4Np1p/7P/2r3PK/5b2/8 w - - 11 47,e5g6 c3g3 h3h2 g3g6,931,76,100,89,crushing endgame fork short,https://lichess.org/kDwb7v3y#93,
00Tdk,r6r/4kppp/2pNpnq1/p1P1n3/8/B3P3/PP2QPPP/3R1RK1 w - - 7 20,e2d2 e5f3 g1h1 f3d2,1045,77,95,619,crushing middlegame pin short,https://lichess.org/UgDWX5rx#39,
00Tge,8/5k2/8/1p1p2pN/1PpP1nP1/2P1KP2/8/8 b - - 10 58,f4h5 g4h5 f7g7 f3f4,1167,75,97,581,crushing endgame short,https://lichess.org/Jri9vZwO/black#116,
00TiV,8/1kp5/4n3/3pN3/r2P3R/2K4P/8/8 w - - 5 48,e5f3 a4a3 c3c2 a3f3,1071,76,95,650,crushing endgame short skewer,https://lichess.org/Wm6c0Vk6#95,
00Tll,5r1k/1pp3p1/7p/pP1N4/P3P3/2PP3P/3BnbPK/R7 w - - 2 27,d5c7 f2g3 h2h1 g3c7,1493,74,91,451,advantage endgame fork short,https://lichess.org/rnssRcMM#53,
00TuA,8/6p1/8/pp2k1p1/2p2p2/2P1KPPP/PP6/8 w - - 0 37,e3f2 f4g3 f2g3 e5f5,2291,81,91,865,crushing defensiveMove endgame pawnEndgame short,https://lichess.org/qtped91w#73,
00TxB,r2qkb1r/pp3ppp/2pp1nn1/8/4PB2/2N2B2/PPP2PPP/R2Q1RK1 w kq - 2 10,f1e1 g6f4,904,74,97,1305,advantage hangingPiece oneMove opening,https://lichess.org/J5i5UOW9#19,Philidor_Defense,Philidor_Defense_Other_variations
00U2C,8/8/6RP/2p5/p1k1pP2/4P3/np1K4/8 w - - 0 48,g6b6 a2b4 b6b4 c4b4 d2c2 b4a3 h6h7 a3a2,2416,77,98,241,crushing defensiveMove endgame master quietMove veryLong,https://lichess.org/ZQ9GNX6h#95,
00UHZ,3n2k1/6p1/pp3p1p/8/2r1NR1P/6P1/1PP5/1K6 b - - 1 32,d8e6 e4f6 g7f6 f4c4,1175,75,94,3015,advantage discoveredAttack endgame short,https://lichess.org/bQ4MdAO1/black#64,
00UOA,6k1/5p1p/4pbp1/p2p4/2rP1P2/P3B1P1/1P2R1KP/8 b - - 0 30,f6d4 b2b3 c4c2 e2c2,1635,75,83,201,advantage endgame short,https://lichess.org/DUwr5LiX/black#60,
00UQj,6r1/pp1qbpk1/8/2pPp1r1/2P1Pp2/P1N2Qp1/3B2K1/R6R w - - 0 31,h1h3 d7h3 g2h3 g3g2,2455,77,92,981,advancedPawn crushing master middlegame sacrifice short,https://lichess.org/uZNJ299M#61,
00UTH,3r3r/q4pk1/p4N2/1p2PQp1/P4n2/3p1P1P/1P4P1/3RR1K1 w - - 0 32,g1h2 h8h3 f5h3 f4h3,1944,75,81,118,crushing middlegame short,https://lichess.org/X5eq2VgN#63,
00UV8,3r4/7p/p3nkp1/1b6/4P2P/1B2B3/P4KP1/8 b - - 1 38,e6d4 e3g5 f6e5 g5d8,1558,300,100,5,endgame equality short skewer,https://lichess.org/xzJR462D/black#76,
00UgJ,1r1q1rk1/1b4b1/4p1pp/3pP3/p2B2P1/3B3Q/PPP5/2KR3R w - - 0 23,d3g6 d8g5 c1b1 g5g6,828,74,96,1294,advantage fork middlegame short,https://lichess.org/9kzSQDr4#45,
00Ui0,r5k1/5pp1/2p5/P1N4p/2Pp1n2/1P3P2/5P1P/3R2K1 w - - 1 26,d1d4 f4e2 g1f1 e2d4,623,96,95,973,crushing endgame fork short,https://lichess.org/R2pJ0rIG#51,
00Uwn,3r1rk1/p1p2pbp/1p4p1/7n/4P3/1P2BP1q/P1B3QP/3R1R1K b - - 6 23,h3h4 e3g5 h5g3 g2g3,1514,75,93,1203,advantage fork middlegame short,https://lichess.org/Nqhta4GU/black#46,
00V0G,8/6P1/5k1K/8/8/3p4/PR6/6r1 w - - 1 49,b2d2 g1h1 d2h2 h1h2,1295,76,89,485,endgame mate mateIn2 rookEndgame short,https://lichess.org/UYjzL2st#97,
00VC1,1k2r3/p2r1R2/2Q5/1p5p/P1P3p1/8/6PP/7K w - - 2 44,c6d7 e8e1 f7f1 e1f1,602,103,88,166,backRankMate endgame mate mateIn2 queenRookEndgame short,https://lichess.org/EjJXrCqs#87,
00VEX,4r1k1/3b1pp1/1B3q1p/r7/P1p1Q3/2P4P/5PP1/R4RK1 w - - 1 27,b6d4 e8e4 d4f6 g7f6,1331,76,80,264,crushing middlegame short,https://lichess.org/8qPPWVm7#53,
00VFK,8/6pk/7p/Q7/6P1/3q3K/1P5P/8 w - - 1 45,h3h4 g7g5 a5g5 h6g5,1084,76,94,561,crushing endgame master queenEndgame short,https://lichess.org/cuisbvqQ#89,
00VIe,8/8/8/P6p/8/2RnkN2/r7/3K4 w - - 1 60,f3e1 a2d2,1656,87,95,9542,endgame mate mateIn1 oneMove,https://lichess.org/ugqyRWZm#119,
00VJF,2rr2k1/1pq2pp1/1B2pnp1/1Q1p4/8/2P2B2/PP4Pb/3RR2K b - - 1 32,c7d7 b5d7 f6d7 b6d8,1233,78,85,340,advantage middlegame short,https://lichess.org/x96V69hr/black#64,
00VNr,5rk1/npp3p1/p3pr1p/2b5/3NR3/4B2P/PPP2PP1/R5K1 w - - 5 22,e4e6 c5d4 e6f6 d4f6 e3a7 b7b6,1954,74,95,1500,crushing defensiveMove long middlegame,https://lichess.org/fNuigLTb#43,
00VQ7,r2q1r1k/pppn2pp/2n1B3/6b1/5B2/2N2Q2/PPP3PP/2KR1R2 w - - 1 15,f4g5 d8g5 c1b1 f8f3,1578,109,70,13,crushing middlegame short,https://lichess.org/mstWBf97#29,Kings_Gambit_Accepted,Kings_Gambit_Accepted_Fischer_Defense
00VSe,6nr/1pN2ppp/p2Qbk2/2B1p3/3nq3/8/PP2BPPP/5K1R w - - 8 19,c5d4 e4b1 e2d1 b1d1,977,77,94,426,mate mateIn2 middlegame short,https://lichess.org/xBVkshTD#37,Sicilian_Defense,Sicilian_Defense_Lowenthal_Variation
00VT0,1r3b1r/pp1bk1pp/6q1/3QPn2/3P1B2/2P5/PP4PP/RN3RK1 w - - 3 17,e5e6 d7c6 d5c6 b7c6,1870,75,90,748,crushing middlegame short,https://lichess.org/S9Wa2sWM#33,Italian_Game,Italian_Game_Two_Knights_Defense
00VXe,rn1q1knr/pbpp4/1p2ppQ1/6N1/1bPP3p/2N3B1/PP2PPPP/R3KB1R b KQ - 0 10,f6g5 g3e5 h8h7 g6h7,1584,82,80,63,advantage middlegame short,https://lichess.org/3VBJUDYD/black#20,English_Defense,English_Defense_Other_variations
00ViT,6k1/5pp1/4p2p/1p1bPP2/1P1P1KP1/1r6/3B1R1P/8 w - - 0 37,f5f6 g7g5,1461,454,100,2,endgame mate mateIn1 oneMove,https://lichess.org/GZhSC72T#73,
00VoA,r3r1k1/2pqbppp/ppn2n2/3p4/NP1P2b1/P3P1P1/1BQ1NPBP/2R1K2R b K - 1 14,g4f5 c2c6 d7c6 c1c6,1495,75,100,329,advantage middlegame short,https://lichess.org/K5lY640W/black#28,Anderssens_Opening,Anderssens_Opening_Other_variations
00Vt0,1k4r1/pp3p2/3qp3/2N5/1P1bp3/P3P3/5P2/2RR1K2 b - - 1 27,d6e5 c5d7 b8a8 d7e5,753,89,95,473,advantage endgame fork short,https://lichess.org/Slko3RVs/black#54,
00W3Q,3r1k2/5p2/Np3P1p/1P2pR2/2p1N3/b1P1n3/P5PP/6K1 w - - 0 32,f5e5 d8d1 g1f2 e3g4 f2e2 d1d3,2157,92,83,38,advantage endgame fork long master masterVsMaster,https://lichess.org/aznxTSjS#63,
00W5B,1r4k1/p5pp/5p2/2Rb4/1P4P1/P2r4/3P3P/3B1RK1 b - - 3 34,d3d2 c5d5 d2d5 d1b3 g8f8 b3d5,1410,75,79,256,advantage attraction endgame long pin sacrifice,https://lichess.org/6Gi4gAvw/black#68,
00WNb,8/8/1KpB4/Pb6/1P5p/5k2/8/8 b - - 3 55,f3g2 a5a6 g2f3 a6a7,1028,75,83,235,advancedPawn bishopEndgame crushing endgame master short,https://lichess.org/y1pq4fXt/black#110,
00WT8,r4rk1/ppp3pp/1b1p4/3P2q1/4B3/2P3P1/PP2QPK1/R4R2 w - - 0 20,f1h1 f8f2 e2f2 b6f2,1102,78,93,636,advantage fork middlegame short,https://lichess.org/nOoSj8Dd#39,
00WTN,8/7R/B2k4/2pnp3/P7/3KP3/1r6/8 w - - 1 43,a6c4 e5e4 d3e4 d5f6,2067,75,97,666,attraction crushing endgame master short,https://lichess.org/BRK2G49n#85,
00WbE,5rk1/2pp1q1p/n5p1/pp1PP3/3PB1PP/P2Q1p2/5P2/R5K1 w - - 0 25,d3b5 f7f4 b5d7 f4e4,1718,77,76,46,crushing endgame short,https://lichess.org/kCb1myun#49,
00WcO,r1b1kb1r/ppp4p/3p1q1p/1B1Qp3/4P3/2N5/PPP2PPP/R3K2R b KQkq - 1 10,c7c6 b5c6 b7c6 d5c6,1021,76,75,252,crushing middlegame short,https://lichess.org/azvNmdyf/black#20,Italian_Game,Italian_Game_Other_variations
00Wfh,r2q2k1/1p2b1p1/p1np1r1p/2BR4/4p3/7P/PP1Q1PPN/3R2K1 b - - 1 19,d8a5 d2a5 c6a5 c5d4,2263,82,52,38,advantage master middlegame short,https://lichess.org/LDXI3geE/black#38,Sicilian_Defense,Sicilian_Defense_Smith-Morra_Gambit
00Wfu,3qr1k1/p4p1p/6p1/3pQ3/8/1P3P2/P5PP/3R2K1 w - - 2 26,e5d5 e8e1 d1e1 d8d5,1290,111,73,26,advantage deflection endgame master short,https://lichess.org/gxWHwrUj#51,
00WiB,3q1rk1/4pp1p/p4Pp1/4p1P1/b1PpP2Q/3n3P/Pr2N1B1/R4RK1 b - - 1 22,b2e2 h4h6 e7f6 g5f6 d8f6 f1f6,1381,75,90,501,advantage long master middlegame,https://lichess.org/DU4WJjPm/black#44,
00WmI,1nbqkbnr/r4ppp/p7/1ppB4/8/2NP4/PPP2PPP/R1BQK1NR w KQk - 1 8,c1e3 b5b4,1390,77,70,132,advantage oneMove opening,https://lichess.org/Xj2zo6H9#15,
00WnZ,r1b1kb1r/pp2q3/2n3p1/2p1P2p/5Q2/1P2pN2/PBP3PP/2KR1B1R w kq - 0 16,f4e3 f8h6 e3h6 h8h6,1124,85,88,108,advantage middlegame pin short,https://lichess.org/N1ZbVg79#31,Nimzo-Larsen_Attack,Nimzo-Larsen_Attack_Modern_Variation
00WqT,r4r2/1ppb1p2/p2p2pk/5P2/4P3/2PBB1R1/PKP2P1q/8 b - - 4 26,h6h5 d3e2 h5h4 e3g5,1719,78,99,5162,mate mateIn2 middlegame short,https://lichess.org/HcfiWViE/black#52,
00WsE,r2qkb1r/1Q1npppp/p2pb3/8/4P3/5N2/PPP2PPP/R1B1KB1R w KQkq - 1 9,f1a6 d8a5 b2b4 a5a6 b7a6 a8a6,1433,86,62,43,advantage long opening,https://lichess.org/rbi2PN9x#17,
00WvA,6k1/5pp1/2p4p/1pP5/qP2P3/5P2/1QKR2P1/4r3 w - - 11 42,b2b3 e1c1 c2c1 a4b3,1266,74,95,3488,crushing deflection endgame short,https://lichess.org/BrNXLzGk#83,
00Wyh,2r5/8/8/pNp1r2p/3kNppP/1P1P4/2R2K2/8 b - - 2 42,d4d3 c2d2 d3e4 b5d6,1826,80,94,5899,endgame mate mateIn2 sacrifice short,https://lichess.org/2mLJufzX/black#84,
00WzB,8/8/8/P1K1p3/5k1p/5b1B/5P2/8 w - - 3 46,h3f1 f3a8 c5d6 e5e4 f1g2 f4g4 a5a6 h4h3 g2h1 e4e3 h1a8 e3f2 a8f3 g4g3 a6a7 f2f1q a7a8q f1f3,2743,114,91,1229,advancedPawn bishopEndgame crushing endgame promotion quietMove veryLong,https://lichess.org/VEqrGfJg#91,
00WzS,r2qk2r/2pn1p1n/pp1p2bp/3Pp1bB/PPP1P3/2N1B3/3N2PP/R2Q1RK1 w kq - 3 17,h5g6 g5e3 g1h1 f7g6,1604,75,83,129,advantage hangingPiece intermezzo middlegame short,https://lichess.org/pGUj7Dyu#33,St_George_Defense,St_George_Defense_Other_variations
00X1l,5r1k/Q6p/1pb3p1/4q3/4p3/1BP2p1P/PP4P1/5RK1 b - - 0 30,f3g2 f1f8,869,100,94,336,endgame hangingPiece mate mateIn1 oneMove,https://lichess.org/IPGWdtue/black#60,
00X2S,2kr4/1p4pp/p1p1b3/Q3Bq2/8/4PB2/1PP2PPP/1K6 b - - 2 24,g7g5 a5c7,1134,244,30,16,endgame mate mateIn1 oneMove,https://lichess.org/4JI17kTq/black#48,
00X5w,r2q1r1k/1ppbb1pn/p1n4p/3Qpp2/B3P3/2P2N1P/PP3PP1/R1B1RNK1 w - - 2 14,f3e5 c6e5 a4d7 e5d7,1246,79,93,4079,advantage middlegame short,https://lichess.org/tzCvvvDs#27,Ruy_Lopez,Ruy_Lopez_Morphy_Defense
00XCT,6Q1/7K/2k5/3r4/8/8/8/8 w - - 5 82,h7h8 d5h5 g8h7 h5h7,1012,163,100,32,endgame equality queenRookEndgame short,https://lichess.org/I94rnuWS#163,
00XPO,r2q1r1k/1pp3p1/1b2b2p/3n4/pP6/P1P2N1P/1BB2PP1/R2QK2R w KQ - 0 20,d1d3 e6f5 e1c1 f5d3,1500,500,100,0,crushing middlegame short,https://lichess.org/ybuM6OK3#39,
00XPh,2br3k/5p1p/ppn2Np1/2b1q1P1/2P1p2N/P7/1PQ1B1K1/R4R2 w - - 6 27,c2c1 c5d6 c1f4 e5f4 f1f4 d6f4,2396,75,83,359,crushing long middlegame,https://lichess.org/8CP4mZnr#53,
00XTV,8/2k4p/p2p2p1/2pP1p2/2P4P/3K4/P2R1PP1/4r3 w - - 0 28,d2e2 e1e2 d3e2 c7b6 e2f3 b6a5 a2a3 a5a4,1648,73,95,6243,crushing endgame master rookEndgame veryLong,https://lichess.org/6kM7Fimp#55,
00XXM,3r1br1/Qpqk1p2/p1p1p2p/3nP3/8/2P1NP1N/PP6/1K1R3R b - - 3 25,f8e7 c3c4 b7b6 a7c7 d7c7 c4d5,1709,73,96,2779,advantage long middlegame pin,https://lichess.org/Pd55n9kL/black#50,
00XZR,8/2p5/p1n5/1pP1p2k/1P1p4/P2P3P/5P2/R4KRq b - - 9 34,h1h3 f1e2 e5e4 g1h1 e4d3 e2d2,1408,267,100,10,crushing defensiveMove endgame long pin,https://lichess.org/cvl7Zq2b/black#68,
00XbN,6k1/R4p1p/6P1/3p4/8/2b5/1r2rBPP/5RK1 b - - 0 26,e2f2 g6f7 g8f8 a7a8,2149,73,91,1198,advancedPawn advantage endgame short,https://lichess.org/RsJhaWfC/black#52,
00Xfn,rn4k1/pp1q1r2/2pp2B1/3P4/2PB2b1/8/P2K1PP1/7R b - - 1 21,c6d5 h1h8,1498,92,64,256,mate mateIn1 middlegame oneMove,https://lichess.org/UcRGVasb/black#42,
00Xiu,8/pp3Q1p/1n2B1pk/8/6Pq/7P/PPP2P2/2K5 w - - 10 31,f2f4 h4e1,600,85,79,131,endgame mate mateIn1 oneMove,https://lichess.org/cVckB6RZ#61,
00Xop,r2q1rk1/2p2nbp/1B1p2p1/4p1N1/4P1P1/1bN4P/PP1Q1P2/2KR3R w - - 0 18,b6c7 d8c7 a2b3 f7g5,2494,86,90,255,crushing hangingPiece master middlegame short,https://lichess.org/Bw3qJ0LJ#35,Queens_Pawn_Game,Queens_Pawn_Game_Other_variations
00Xp9,r2r2k1/p4ppp/1p6/N1p1n3/4n3/P3P3/1P2BPPP/1R1R2K1 w - - 0 20,a5c4 e5c4 e2c4 e4d2,1500,500,100,0,crushing master middlegame short,https://lichess.org/y5EZvhc9#39,
00Xr8,6k1/pp1n3p/2p1bppb/2q1p3/2P1P3/1PQN1PPP/PB4BK/8 b - - 5 25,c5e3 b2c1 e3d4 c3d4 e5d4 c1h6,1590,76,100,131,crushing long middlegame,https://lichess.org/mvexWrte/black#50,
00Y1c,5rk1/Q4p2/5p1p/2q5/8/8/P1r2PPP/3RR1K1 w - - 4 23,a7d7 c5f2 g1h1 f2g2,1090,228,100,15,endgame mate mateIn2 short,https://lichess.org/T4YH4yAb#45,
00Y5Q,rnbq1rk1/pp2b2p/4p2p/3p1p1Q/2pP4/P1N5/1PP1PPPP/2KR1BNR w - - 0 11,h5h6 e7g5 h6g5 d8g5,755,81,100,116,crushing fork opening short,https://lichess.org/56Atk60f#21,Richter-Veresov_Attack,Richter-Veresov_Attack_Other_variations
00YCP,2k3nr/1ppr2pp/p3pp2/2b5/5P2/1N2nN2/PP4PP/1RB1R1K1 b - - 3 15,c5a7 c1e3 a7e3 e1e3,969,78,88,323,advantage middlegame short,https://lichess.org/UMVnTZ8x/black#30,Englund_Gambit,Englund_Gambit_Other_variations
00YHj,5k2/1p6/8/4p2B/1R2Pp1p/3r1KpP/8/8 w - - 1 50,f3e2 d3e3 e2f1 f4f3 h5f3 e3f3,2364,81,92,5669,crushing endgame long,https://lichess.org/BqUcvzk5#99,
00YMX,r5k1/1p2pp2/p2p3B/3P1P2/2P1P3/3p3Q/Pq6/R4K2 w - - 0 29,h3g4 g8h7 a1e1 h7h6,1361,257,100,8,defensiveMove endgame equality short,https://lichess.org/78vTggqs#57,
00YbG,8/7p/3k2p1/p5P1/P2K4/8/8/8 b - - 4 47,d6c6 d4c4 c6d6 c4b5,1725,80,76,43,crushing endgame pawnEndgame short zugzwang,https://lichess.org/onsKQucl/black#94,
00Ydr,r2qkb1r/p2p2pb/1p1PpN2/2p1Pp2/2P2P1P/4K3/PP2B1P1/3Q3R b kq - 2 21,g7f6 e2h5 h7g6 h5g6,1076,89,80,34,mate mateIn2 middlegame short,https://lichess.org/3hQsr2bX/black#42,
00YeV,r2qr1k1/ppp2ppp/2nbp3/5b2/3P4/2P1BN2/P1PQBPPP/3R1RK1 b - - 7 11,d8f6 e3g5 f6g6 f3h4 h7h6 h4g6,1407,75,79,151,crushing long middlegame trappedPiece,https://lichess.org/wqxB0iyn/black#22,Scandinavian_Defense,Scandinavian_Defense_Marshall_Variation
00YhS,7K/8/8/5p2/4kP2/8/6P1/8 w - - 1 62,g2g3 e4f3 h8g7 f3g3 g7f6 g3f4,930,106,54,34,crushing endgame long pawnEndgame,https://lichess.org/JnQJMMAX#123,
00Yjy,6k1/5p1p/B2bp2q/5p2/6rP/1P4P1/1Q3P2/5R1K w - - 3 34,f1d1 g4h4 g3h4 h6h4 h1g2 h4g4 g2f1 g4d1,2001,78,68,54,crushing endgame exposedKing fork sacrifice veryLong,https://lichess.org/f0Kyo2Fh#67,
00Yqw,1Qbk1b1r/4rpp1/p1BP3p/8/3q4/6P1/1PP3PP/1K5R b - - 0 33,e7d7 c6d7 d4c5 d7c8,1938,76,67,47,crushing middlegame pin short,https://lichess.org/bJncxL9v/black#66,
00Yuf,5rk1/n1q2ppp/1p1bpn2/1B1p1b2/NP1P4/P3PN2/3B1PPP/3Q1RK1 w - - 0 19,b5e2 f5c2 d1a1 c2a4,1924,73,95,7685,advantage interference middlegame short,https://lichess.org/1vvu6Sdh#37,Slav_Defense,Slav_Defense_Quiet_Variation
00ZAn,rnbqk1nr/ppp1b1pp/3p4/4p3/2B1P3/5N2/PPPP2PP/RNBQK2R w KQkq - 0 6,f3e5 d6e5 d1h5 g7g6 h5e5 g8f6,1725,76,89,73,advantage hangingPiece long opening,https://lichess.org/uS929Njx#11,
00ZEW,r1b5/pppqNkp1/3p3p/6rn/1PP2p1N/P5P1/4Q2P/4RRK1 b - - 3 22,g5e5 e2h5 e5h5 f1f4 f7e8 e7g6,2339,76,90,1044,advantage discoveredAttack long middlegame pin sacrifice,https://lichess.org/cjMxj5uZ/black#44,
00ZEc,1r3bk1/5p2/3P1qRP/r1n1p3/ppB5/P2Q1P2/1PP5/1K6 b - - 0 35,g8h7 g6g7 h7h6 d3h7,1788,77,97,9099,doubleCheck mate mateIn2 middlegame short,https://lichess.org/7IfLNNVB/black#70,
00ZK8,r1bq1b1r/pp3kpp/3p1n2/3Q4/2n1P3/5N2/PP3PPP/RNB1K2R b KQ - 1 10,c8e6 f3g5 f7g6 d5e6,2380,83,100,35,advantage deflection opening short,https://lichess.org/NOQlRyAF/black#20,Sicilian_Defense,Sicilian_Defense_Old_Sicilian
00ZKw,rn1q1r1k/ppp5/1b2ppQ1/6B1/8/2P5/PP4PP/RN3R1K w - - 2 18,f1f6 d8d1 f6f1 f8f1,1041,105,54,21,backRankMate mate mateIn2 middlegame short,https://lichess.org/eyMv5HY5#35,Kings_Gambit_Accepted,Kings_Gambit_Accepted_Kings_Knights_Gambit
00ZPK,5r2/R2R1pk1/P7/5pp1/8/1KP5/5r2/8 b - - 0 44,g5g4 d7f7 f8f7 a7f7 g7f7 a6a7,742,76,100,458,advancedPawn advantage endgame long master rookEndgame sacrifice,https://lichess.org/Y6yYxIcG/black#88,
00ZWf,r1b2bnr/ppQp3p/2n2q1k/6pP/2B1P3/3P4/PPP2PP1/RNB1K2R w KQ - 1 11,c2c3 f8d6 c7d6 f6d6,1334,75,90,540,crushing middlegame short trappedPiece,https://lichess.org/bFAkQOCQ#21,Kings_Pawn_Game,Kings_Pawn_Game_Damiano_Defense
00ZeT,1Q1k4/4r3/2q4p/2p1pp1P/2Bb4/1P6/P6K/4R3 b - - 4 43,d8d7 c4b5 c6b5 b8b5,1411,75,95,14395,crushing endgame pin short,https://lichess.org/c6iAy1Zc/black#86,
00Zks,8/P1R4p/5pk1/4q1p1/5P2/6KP/5QP1/7r b - - 0 51,e5c7 a7a8q c7c3 a8f3,1800,76,82,80,advancedPawn advantage defensiveMove endgame promotion short,https://lichess.org/CPhnVb98/black#102,
00a2M,r3r1k1/ppp2p1p/3p2pQ/8/1q6/3B1N2/nBK3PP/7R b - - 3 22,b4c5 c2b3 e8e5 f3e5 d6e5 h6h4,2080,215,-33,8,advantage defensiveMove long middlegame,https://lichess.org/PReNb2iq/black#44,
00a98,4r1k1/p4p2/1p3q1p/1P6/3b2p1/P3B1P1/Q1P2PKP/4R3 w - - 0 32,e3d4 f6f3 g2f1 f3h1,1623,96,81,18,endgame mate mateIn2 short,https://lichess.org/pgdIGRB3#63,
00aBq,r2r2k1/pp3ppp/1qn2b2/3R4/4QB2/1P3N2/P4PPP/4R1K1 b - - 0 18,d8d5 e4e8 a8e8 e1e8,920,77,88,295,backRankMate mate mateIn2 middlegame sacrifice short,https://lichess.org/0AybhVJm/black#36,Queens_Pawn_Game,Queens_Pawn_Game_London_System
00aDl,r5k1/1p3p2/2p1ppp1/3p4/2nP4/1QB2B1P/rPP2PP1/qNKR3R w - - 3 22,f3e2 a1b1 c1b1 a2a1,1422,72,96,13738,attraction mate mateIn2 middlegame queensideAttack sacrifice short,https://lichess.org/pc79SSEd#43,
00aEe,rn3rk1/p4p1p/1p4p1/2p5/3n2PP/2Q4N/qPP3B1/2KR3R w - - 2 19,g2a8 d4e2 c1d2 e2c3,1434,183,53,4,crushing fork middlegame short,https://lichess.org/sWKGI4XE#37,French_Defense,French_Defense_Paulsen_Variation
00aL1,8/5pr1/1Q4k1/p2pp3/5Rp1/6P1/5PKP/3q4 b - - 1 33,g6h7 f4f5 d1f3 f5f3,2004,80,63,53,advantage endgame short,https://lichess.org/UKybXdi1/black#66,
00aME,r1b2rk1/2qnbppp/3p1n2/1pp5/4PP2/1PNQ1N2/P3B1PP/1RB2RK1 w - - 0 14,d3b5 c8a6 b5a6 a8a6,1419,76,85,558,advantage middlegame short,https://lichess.org/16LXTr5C#27,Center_Game,Center_Game_Other_variations
00aYp,2rq1rk1/p1n1bp2/1p2p1pN/3nP2p/3P3P/P2Q1N2/1P4P1/RBB3K1 b - - 1 21,g8g7 h6f7 f8f7 d3g6,1752,79,71,65,crushing master middlegame short,https://lichess.org/AaaUgm4I/black#42,
00abm,r1b1k2r/ppp2p2/2nppq1p/3P2p1/1bP3P1/2N2N2/PP2PPP1/2RQKB1R b Kkq - 0 11,c6e5 d1a4 e8f8 a4b4,1350,76,56,191,crushing fork middlegame short,https://lichess.org/6xRIE4k2/black#22,English_Opening,English_Opening_Anglo-Indian_Defense
00ae5,2r1kb1r/1p3pp1/pqn1pnp1/3p4/1P1P1B2/P1N2N1P/2P2PP1/R2QK2R b KQk - 0 13,c6b4 c3a4 b6b5 a3b4,2222,220,100,8,equality middlegame short,https://lichess.org/VPTKzgUW/black#26,
00agR,8/5pp1/p4n1p/1p2k3/8/1PK1P3/P1B2P1P/8 w - - 2 31,h2h3 f6e4 c2e4 e5e4,1500,500,100,0,crushing endgame short,https://lichess.org/MUIpGzM3#61,
00asK,2r3k1/R4ppp/8/4P3/4Q3/1qn3B1/5PPP/2R3K1 w - - 0 30,c1c3 b3d1 e4e1 d1e1,1639,284,100,6,endgame mate mateIn2 short,https://lichess.org/hlWKSG6i#59,
00awL,4q1r1/k2r1Rp1/ppp4p/2Qp4/3P4/2P1P3/PP4P1/2K2R2 w - - 0 35,c5c6 d7f7 f1f7 e8f7,1610,82,79,90,crushing endgame short,https://lichess.org/TPaROV8B#69,
00b6f,6k1/8/5B2/1R3pK1/6p1/6P1/P4P1q/8 w - - 0 41,g5f5 h2h5 f6g5 h5f7 f5g4 f7c4,1700,96,74,25,crushing endgame long,https://lichess.org/8DcVY76B#81,
00b7t,r2qr1k1/pb3pp1/1p4n1/3p4/1P2p2p/P1P1N1P1/2Q1PPBP/3R1RK1 w - - 0 20,g2e4 e8e4 c2e4 d5e4 d1d8 a8d8,1494,76,86,105,advantage long middlegame,https://lichess.org/USUzRjja#39,
000hf,r1bqk2r/pp1nbNp1/2p1p2p/8/2BP4/1PN3P1/P3QP1P/3R1RK1 b kq - 0 19,e8f7 e2e6 f7f8 e6f7,1595,77,88,448,mate mateIn2 middlegame short,https://lichess.org/71ygsFeE/black#38,Horwitz_Defense,Horwitz_Defense_Other_variations
